"Bacteroides"	"Prevotella"	"Unclassified_Lachnospiraceae"	"Faecalibacterium"	"Lachnospiracea_incertae_sedis"	"Parabacteroides"	"Alistipes"	"Blautia"	"Ruminococcus"	"Unclassified_Clostridiales"	"Lactobacillus"	"Unclassified_Ruminococcaceae"	"Roseburia"	"Clostridium_XI"	"Enterococcus"	"Erysipelotrichaceae_incertae_sedis"	"Megamonas"	"Sutterella"	"Escherichia_Shigella"	"Unclassified_Bacteria"	"Clostridium_IV"	"Clostridium_XlVa"	"Unclassified_Firmicutes"	"Haemophilus"	"Bifidobacterium"	"Dorea"	"Unclassified_Bacteroidales"	"Clostridium_XVIII"	"Akkermansia"	"Veillonella"	"Streptococcus"	"Clostridium_sensu_stricto"	"Unclassified_Clostridiaceae_1"	"Klebsiella"	"Gemmiger"	"Barnesiella"	"Phascolarctobacterium"	"Oscillibacter"	"Turicibacter"	"Flavonifractor"	"Odoribacter"	"Unclassified_Burkholderiales"
0.711830871963889	0.000259762747100325	0.045269842145854	0.0103037400969254	0.0233765183821232	0	0.00978424080694165	0.0317722972390338	0.00476229908262202	0.00770621864374843	0	0.0120353835270986	0.0059745077073489	0.00086587572520843	0	0.00121222586987505	0	0	0	0.00086587572520843	0.00285738636197335	0.00658060883887873	0.00614767969290665	0.000259762747100325	0.000606113046272245	0.000952463272735762	0.000173175165815521	0.0103903230453663	0	8.65875832323519e-05	0.000432937903178109	0.0116890575619105	8.65875832323519e-05	0	0.00744646334959213	0	0	0	8.65875832323519e-05	0.00545499069645753	0	0
0.234255733851281	0	0.257814983644656	0.135175787238418	0.126030982146433	0	0.00286228804546988	0.0267115483099981	0.00667863157629386	0.0270294659689474	0	0.00371036994524885	0.0528747549521326	0.0254398510032584	0	0.00699665657986209	0	0	0.000318032433947597	0.00434642965214721	0.000530054040694258	0.0297846345069883	0.00424041981616135	0.00466445886226837	0.021730506400873	0.00487647807557277	0	0.000530054040694258	0	0.00445243943928784	0.000424043239703688	0.00159016152639326	0.000954097173173754	0	0	0	0	0.00116611867984455	0	0.00169617219633227	0	0
0.518422246446063	7.69171601426012e-05	0.130465658816703	0.0809821429084615	0.0815954527291373	0	0.00623024967204252	0.0186128780490598	0.00261518046648263	0.012614079758263	0	0.00253826356162804	0.0312232935674779	0.0106143687980221	0	0.00338434858899055	0	0	0.0262257452314721	0.00207676183307292	0.00115375714730495	0.0195357160563126	0.00130759135109464	0.000923005791563786	0.00938375583180513	0.00207676183307292	7.69171601426012e-05	0.000923005791563786	0	0	0.000307668636019794	0	0	0.000230751478607559	0	0	0	0.00107684003494372	7.69171601426012e-05	0.00192292782040811	0	0
0.777168814782219	0.000347678274692101	0.00440391066625511	0.0339114479350235	0.00645131892126121	0.000115892760306128	0.0444109579093795	0.00954169250042882	0.000231785519055685	0.000618094683660046	0	0.00865321813228061	0.000540832856273646	0.00108166555435367	0	0.00123618913118271	0	0	3.86309201789104e-05	0.00112029645112638	0.00158386706550516	0.000424940109284845	0.00027041643802393	0.000772618326902697	0	7.72618403001701e-05	0.00289731496058402	0.000463571025658805	0.00374719048895725	0.000463571025658805	0.000424940109284845	3.86309201789104e-05	0.000309047356588618	7.72618403001701e-05	0.000386309192276727	3.86309201789104e-05	0.00390171303949948	0	0	0.000733987417677429	0	0
0.78442830422144	0.0001327903678817	0.0104902466920776	0.00889683730413718	0.00115084960431554	0.000265580733421869	0.0560966365723214	0.00314270020925343	0.00420501593630753	0.00168201053833198	0	0.0219086580692401	0.00376238489126742	0	0	0.000619688345607658	0	4.42634560761977e-05	0	0.00225743434330481	0.0014606935315626	0.00283285740081514	0.000841005566583187	0	0	0.000708215238247309	0.00362959543006887	8.8526912065672e-05	8.8526912065672e-05	0	8.8526912065672e-05	0	0	0	0.00115084960431554	0	0.0014606935315626	0.00137216670821476	0	0.000796742125336672	0	0
0.417251307405473	0.0165171061141279	0.0111604825994013	0.00401784633277316	0.00491069454885534	0.0303524821545355	0.245733700990922	0.00267856822557065	0.00803562780692703	0.00803562780692703	0	0.00982127068169705	0.00267856822557065	0.0410598903541068	0	0	0	0.00401784633277316	0.000446428556599818	0.00803562780692703	0.00714279640567046	0.000892857024227144	0.00580353885029011	0	0	0.00446427088566354	0.000446428556599818	0.00178571333667532	0.0303524821545355	0	0	0.0281212934334847	0.00267856822557065	0.000446428556599818	0	0.0120532795732646	0.0138388439889104	0.00312499491375933	0.0111604825994013	0.00848204115000403	0.0174098347787549	0
0.0397472010204956	0.0185525138889578	0.0616799290485944	0.066969997073679	0.0189310918488754	0.00265050806662181	0	0.0473129028910342	0.00189322113331921	0.0242308737800191	0.00530099751314179	0.00681554738572386	0.0208239398712982	0.0348282480852771	0.000757288833335057	0.376501718868292	0	0.00113593311428553	0.00265050806662181	0.0056796362569608	0	0.00757281667655089	0.0132521679557929	0.00113593311428553	0.0102232221474876	0.00605827418651626	0.00189322113331921	0.00151457723237572	0	0	0.0155237990506103	0	0	0	0.000757288833335057	0	0	0	0	0.00265050806662181	0	0
0.401155686804993	0.000141532799753933	0.0505057350242474	0.0374974042047643	0.0339613433293521	0.0020522241627505	0.0641411355048	0.0245534736602517	0.210874393818748	0.0167708506502017	7.07664000541612e-05	0.056936185155863	0.00629816797184058	0.00983637099661253	0	0.000495364780533298	0	0	0	0.00629816797184058	0.0220065741341191	0.00459979978679404	0.00870415730560206	0	0	0.00530745509076944	7.07664000541612e-05	0.00162762648396145	0	7.07664000541612e-05	0.00148609385537752	0	0	0	0.0123130424851975	0	0	0.00134456119702493	0.00509515876252422	0.000778430322630022	0	0
0.37981704692445	0	0.157617608215959	0.181325180878968	0.0816447209909992	0.00178745436179962	0	0.0250217633352728	0.000812479598618372	0.0242095297603919	0.000649983704638848	0.011536955637288	0.0503524609365448	0.0219351925044845	0	0.0022749411641491	0	0	0.000649983704638848	0.00259993207252023	0.000324991869482195	0.00454987055477148	0.00292492270628975	0	0.00974960179772328	0.00194995001550102	0	0.00389989261674655	0	0.000162495936886444	0.0042248818088691	0	0	0	0.00389989261674655	0	0	0.00048748779349656	0	0.00276242742587547	0	0
0.742780652566555	0.000413736024605055	0.029371035544405	0.000413736024605055	0.0124117624139894	0	0	0.00124120779052617	0.0136528650468815	0.00744717981779679	0	0.0107569294952956	0.00206867870658204	0.00165494339019811	0	0.00455108068989523	0	0	0.0144802552376781	0.0148939466514538	0.013239166411379	0.00248241366885677	0.00786090373232119	0	0.000413736024605055	0	0.00330988224779672	0.00165494339019811	0	0	0.00124120779052617	0	0	0	0	0	0	0.00124120779052617	0	0.00248241366885677	0	0.00744717981779679
0.614311159634111	0.000335739459866768	0.0526867173823173	0.00553967285827425	0.0063790065950922	0.058888234737447	0.00520393823771708	0.00386099426817837	0.0011750878611768	0.00805765999611506	0	0.00386099426817837	0.00386099426817837	0.00285378158891367	0.00167869654243715	0.00755406614461715	0.124572637860498	0	0.00537180562368216	0.00100721822822084	0.00184656601455286	0.000503609177973628	0.0134291750009583	0.00184656601455286	0.000503609177973628	0.000839348566881266	0.000503609177973628	0.00218230479794442	0	0.00151082702301552	0.0104077355544007	0	0	0	0.000671478881888661	0.000335739459866768	0.00335738835429369	0.000167869732298689	0	0.00218230479794442	0	0
0.220332335593643	0.00231374157280706	0.10531193970073	0.35179183385827	0.0541151849448396	0.000462748710925778	0	0.0397858934325469	0.00185099385279134	0.00879211254740303	0	0.0157328076909557	0.0933396502022165	0.0166581837498315	0.000462748710925778	0.00231374157280706	0	0	0	0.00138824573641236	0	0.00370198136378584	0.00786664722946465	0.00694117517394496	0	0.00601569717337837	0.000462748710925778	0.000462748710925778	0	0.00185099385279134	0.000925497322760264	0	0	0.000925497322760264	0.0129566018535534	0	0	0.00138824573641236	0	0.00601569717337837	0	0
0.77969981599726	0.000247969745149547	0.0109724411637943	0.00154981030264932	0.000681916753299911	6.19924368829886e-05	0.000247969745149547	0.00415348133157735	0.000123984873527736	0.00260367940896487	0.000619924329520162	0.00105387123260642	0.00266567163071754	0	0.0717257263476236	0.000433947044839437	0	0	0	0.00365754562354548	6.19924368829886e-05	0.00105387123260642	0.000867894007962317	0	0	0.000805901592759229	0.0252902182614633	0.0011158636330386	0	6.19924368829886e-05	6.19924368829886e-05	0	0	0	0.00427746510373259	0	0	0.000991878828124151	0	0.000123984873527736	0	0
0.365938562805839	0	0.0225605357867999	0.00376039941050561	0.0131610490072601	0.0230975970070111	0.106166283266138	0.00376039941050561	0.317752390073466	0.0139667766383143	0	0.019875135186373	0.00161160284790144	0.00537198598071786	0.000268600587691545	0.0013430025508874	0	0.000268600587691545	0	0.0163839030416229	0.0322264925006801	0.00241740296380616	0.00241740296380616	0	0.00537198598071786	0.00537198598071786	0.0013430025508874	0.000805801685560528	0.000268600587691545	0	0.00268600267946803	0	0	0	0	0	0	0.00376039941050561	0	0.0013430025508874	0	0
0.435106436627344	0	0.055293830826174	0.0218580206536399	0.0279096100739415	0.00168151930174703	0.11610019067557	0.0166462801446444	0.0147968368704273	0.0351365397311544	0	0.124447320070622	0.0129473429868918	0.023539107462392	0	0.00168151930174703	0	0	0.00184967104887344	0.00470823886865182	0.0253882259529722	0.00386748657528151	0.00218597438147365	0	0.000336304012493673	0.013283618081406	0.00100891188533663	0.00336303384900973	0	0	0.00269042890492615	0.00386748657528151	0.00134521566961385	0.000168152008624093	0.00672602966287063	0	0.000672607986951238	0.00605343536849864	0.00706232568806503	0.00134521566961385	0	0
0.554287478205857	0	0.111095706521698	0.0126676074629517	0.0291705269690686	0.0188088717726319	0.00806133303412991	0.0099806404406478	0.000383877149880892	0.0337747683096877	0	0.0126676074629517	0.0168897919868516	0.0015355080338364	0	0.00307101244729005	0.0498833402874271	0	0.000383877149880892	0.00690973388388898	0.0345420749201238	0.00575812557017099	0.000383877149880892	0.000767754243193021	0.0011516312233677	0.0138191378940864	0.000767754243193021	0.00499038235764758	0	0.000383877149880892	0.00307101244729005	0	0	0	0	0	0.00921292149392405	0.00230326091938289	0.000383877149880892	0.0015355080338364	0	0.0103644977364293
0.276033309534217	0	0.000414765645511507	0	0	0.000829531219670678	0	0	0	0.000414765645511507	0	0	0.000414765645511507	0	0.661242043409915	0.0062214447260476	0	0	0	0	0	0.000414765645511507	0	0	0	0	0.00124429665112528	0	0	0	0	0	0	0	0	0	0	0	0	0	0	0
0.143048613045469	0.638012121425047	0.0140188334184971	0.0280349126951696	0.00784557867711837	0.0312489333020984	0.00334404521440045	0.0077169652075392	0.00115755601158797	0.0029581950424243	0	0.00385851132599113	0.000900321421778133	0.00308681181818824	0	0	0	0.0366477446660032	0.000128617362989444	0.00385851132599113	0.000900321421778133	0.00218649343466742	0.000900321421778133	0.00115755601158797	0.00038585208045776	0.00475882448199415	0.00218649343466742	0.00180064211377597	0	0.000257234723851245	0.000643086772394365	0.00218649343466742	0.000643086772394365	0	0.00270096134621853	0.000514469430681347	0.000128617362989444	0.000128617362989444	0.000514469430681347	0	0.000771704103469173	0
0.437895066391679	0	0.0842043957340448	0.0930437297848282	0.0982887005016265	0.000277315581581442	0.000831946659437717	0.010260496615344	0.0487881856990502	0.0152517658738803	0.00554628326756546	0.034380359173669	0.0582034053162131	0.00554628326756546	0	0	0	0	0	0.00831937158709825	0.0374288642411921	0.00748745083832773	0.0152517658738803	0.00277315229692792	0	0.0013865774813744	0.000831946659437717	0.0011092621130593	0	0.0091512865782715	0.0013865774813744	0.0013865774813744	0.000277315581581442	0	0	0	0	0	0.000277315581581442	0.00194120787677923	0	0
0.502751744303128	0.000275785986575753	0.0749436155577549	0.0119274612598712	0.037153613819702	0.00868714942195853	0	0.0232328795513754	0.00117209018943604	0.0049641274331299	0	0.000689464920555036	0.0132373409297016	0.0096523597698899	0	0.000206839491078924	0.134180559948152	0	0.000413678973308722	0.0168910886841767	0.00199944709579176	0.00158576877829997	0.00151682236375611	0.00158576877829997	0.00158576877829997	0.0312966005717681	0.000620518437840274	0.000551571952175804	0	0.000758411399992348	0.0760436233435739	0.000137892994598858	0.000206839491078924	0	6.89464974633019e-05	0	0.0027578564047779	0	0	0.000206839491078924	0	0.00330942583988671
0.217700775987414	0.000399680245154257	0.0993568315231381	0.184011749331211	0.077460484262888	0.0243780809201124	0.0207818773672622	0.0203822817558598	0.143788584626494	0.0255767476894232	0	0.0307705237488282	0.00599516792377326	0.00639484050755128	0	0.00199839994884076	0	0	0	0.0335668376566945	0.0107911574685297	0.0103914996316607	0.00679451206984575	0.00279775814068051	0.00159872034215135	0.00879285232492659	0.00119904048007637	0.00199839994884076	0.0111908135818406	0	0	0	0	0	0.00839318682752935	0	0	0.0111908135818406	0	0.00639484050755128	0	0
0.808991123333689	0	0.0112779564089974	0.00626562316431304	0.000417710931879531	0.0225544786679753	0.00751872615179185	0.00375938964098548	0	0.0112779564089974	0	0.000417710931879531	0.00334168133287687	0.000417710931879531	0	0.00584791988496049	0	0	0	0.00167084299868688	0.00543021558529531	0.0020885532017362	0.000417710931879531	0	0	0.00125313250410593	0.00167084299868688	0.000417710931879531	0	0	0	0	0	0	0	0	0	0.0129486774147885	0	0	0	0
0.251552874986923	0.0445604299547613	0.155387061288642	0.00633551593769738	0.141063546335267	0.00690117839148636	0	0.121659163596792	0.00610925037843658	0.0170825496410089	0.00101821455423225	0.00158388891801774	0.0140282761678592	0.14610258267114	0.000678809767984763	0.000226269938107701	0	0	0	0.00214956277497954	0.00169702373574822	0.00497791812229369	0.00486478452236841	0	0	0.00248896677058256	0.000905079636584973	0.000113134969777887	0	0.000339404903541369	0.00610925037843658	0	0	0	0.00169702373574822	0	0	0.000113134969777887	0.0335947665168427	0.000339404903541369	0	0
0.065763441856333	0.00276242742587547	0.324005437129527	0.0194982770037572	0.0618714698597018	0.000162495936886444	0	0.0738684554740918	0	0.0160864040273628	0	0.000649983704638848	0.0608983282985528	0.0349295233977517	0.00146246291709524	0.00259993207252023	0	0	0	0.0232348284388174	0.000162495936886444	0.00698726846141734	0.00357490301272682	0.172686116515276	0.0149490694633751	0.000649983704638848	0.000162495936886444	0.00812470749327878	0	0.000162495936886444	0.0042248818088691	0	0	0.0771091348184156	0.00048748779349656	0.000162495936886444	0	0	0	0.00048748779349656	0	0
0.398735014559932	0.00161812227121929	0.0129446223085845	0.00323624030569659	0.000404530733303323	0.0315481645531225	0.121866412452144	0.00161812227121929	0.0133491180930944	0.0254826788688653	0	0.0888796985021875	0.00566340014591851	0.00809052662335332	0	0.000809061400407187	0	0	0.000809061400407187	0.00323624030569659	0.128288592197055	0.00283171142596584	0.00849504345548339	0	0.000404530733303323	0.00768600846736372	0.00202265234252948	0.00889955889757497	0.0420587963831777	0	0.00242718208284433	0.00202265234252948	0.00202265234252948	0	0	0.0153715629328158	0.0262914693186915	0.0113266186535627	0.00121359193511223	0.00242718208284433	0	0
0.173789474650614	0	0.00393390016027896	0	0	0.489640470906122	0	0	0	0.00078678198019593	0	0.000393391020537864	0	0.0444385589193378	0.000393391020537864	0.0102279884689053	0	0	0.173789474650614	0.00078678198019593	0	0	0	0.000393391020537864	0	0	0.00629421493106899	0.00157356347335398	0	0.00275373373450699	0.000393391020537864	0.000393391020537864	0	0.00078678198019593	0	0	0.000393391020537864	0	0	0	0	0
0.589878607453628	0.00204591809987083	0.0263665743644722	0.0227304817623007	0.0140936457214782	0.00159127007179746	0.0533958555055707	0.00727431638663063	0.0106840431567353	0.0113659748741422	0	0.0079562697748866	0.00886553514879451	0.00136394592854101	0.000227324389949368	0	0	0.115903092029219	0.000454648768151436	0.013639040646982	0.0181849490653494	0.0218214097841396	0.0102294192320862	0.000227324389949368	0.000681973122858909	0.00932016513417783	0.000909297442324504	0.000909297442324504	0	0	0	0	0	0	0.00113662171480095	0.00113662171480095	0	0.00363718225107263	0	0.000227324389949368	0.000909297442324504	0.000227324389949368
0.000321853872782431	0	0.102171677932589	0.250353704793075	0.00643703311319065	0	0	0.0205971918092451	0	0.0611141867703187	0.000321853872782431	0.0251019662661401	0.128707755379403	0.0251019662661401	0	0.180859831481256	0	0.000643707712224053	0	0.000643707712224053	0.000321853872782431	0.0135174512316868	0.0212407587361014	0.000643707712224053	0	0.000321853872782431	0	0.0627203761412264	0	0.00354038526566868	0.000321853872782431	0.00868994534432521	0.0431150606307426	0.00450593904902153	0	0	0	0	0	0.0167356204411719	0	0
0.32436421695795	0.000774113562567507	0.107549165038141	0.0558619468668035	0.068687268068541	0.0123855015783578	0.0390054360629478	0.0224474103522569	0.0351375284033856	0.0179584711418696	0	0.0872094315305599	0.0195064266667272	0.00727660399994792	0	0.0018578716669188	0	0.0256977443967065	0	0.00696696639764756	0.0119210676980075	0.020589967948262	0.0250786530263707	0.000619290872320672	0	0.00464466513944886	0.00371573692108461	0.00774105908605971	0	0	0.00108375888368344	0.00866996414856087	0.000774113562567507	0	0.00882478095332287	0.00232233883215116	0	0.00418020148115504	0	0.000774113562567507	0.019042044747692	0
0.869149610256667	0.00010276436113862	0.00113040773377118	0.00200390370457388	0.000513821783988215	0.000256910900472579	0	0	0.000565203957164299	0	0	0.00128455416322426	0.000359675256863255	0.000411057433702037	0.00349398117582708	0.000205528721191996	0	0	0	0.000205528721191996	0.000256910900472579	0.00010276436113862	0	0	5.13821806371379e-05	0.00010276436113862	0.0013359362997734	5.13821806371379e-05	0	0	5.13821806371379e-05	0.00190113953918567	0	0	0.00010276436113862	0	0	0	0	5.13821806371379e-05	0	0
0.398858552907427	0.396835396922507	0.0113516653866412	0.00473500325001137	0.0031566753864043	0.0200921344384073	0.0785327401533474	0.00406725036577964	0.00163904497728986	0.00309597028636672	0	0.0021853925420004	0.00339949566799114	0.000485643154588376	0.000121410793121257	0.000971286194638213	0	0.0128084884817171	0	0.00418866012471111	0.00224609778968377	0.000849875451627561	0.00030352697888825	0.000424937764179721	6.07053966724828e-05	0.00394584054689586	0.00503852660824743	0.000424937764179721	0	0	6.07053966724828e-05	6.07053966724828e-05	0	0	0.000667759314181517	0.000182116189122616	0.00030352697888825	0.0010319915608864	0	0.000121410793121257	0.00959130562374098	0
0.645095171823348	0.000277495140273631	0.0492816865197371	0.00480989728019966	0.0585180717602962	9.24983811464257e-05	0.0218278846006407	0.00379242454165741	0.00462490257633393	0.00647484144797474	0	0.000924983680881398	0.00601235856011323	9.24983811464257e-05	0	9.24983811464257e-05	0.0283007266977	0.0831526852907727	0	0.00110998034741352	0	0.0147067124714407	0.000832485335348472	9.24983811464257e-05	0.00018499676150144	0.000369993516671588	0.000554990259179153	0.00138747527400629	0.000369993516671588	9.24983811464257e-05	0.000462491889903899	0.000554990259179153	0.000832485335348472	0	0	0.00887972790847487	0	0.000462491889903899	0	0.000924983680881398	0.00601235856011323	0
0.48452206210261	0	0.0299472143323071	0.0322005542121544	0.00740733966872872	0.0328443360871904	0.0151362980265417	0.00322060634874251	0.00128824441018286	0.00708528693387374	0	0.0218984107932029	0.00354266569752654	0.00772939163532543	0	0.00676323346415788	0	0.0051529562616202	0	0.00611912445373646	0.00998373108504851	0.00837349313015808	0.00289854666591085	0.000322061186058862	0.0209324487694104	0.0125600562355201	0.00289854666591085	0.0112719030119702	0.1743171324882	0.000322061186058862	0.00483089908412044	0.019322469109339	0.00128824441018286	0	0.0119159820952091	0	0.0173904277788171	0.000322061186058862	0.00225442643172042	0.00161030526218941	0.00128824441018286	0
0.644499532128364	0.000499375759519256	0.0532415926313447	0.0403552546116486	0.0715162171393657	0.0135659592578474	0.00174781434107461	0.00540987789798681	0.0206394002082056	0.00632538436977597	0	0.00291302126509978	0.0122344014057331	0.00715765840016632	0	0.000332917180700022	0	0.00940477188629725	8.3229296616353e-05	0.00141489757202262	0.00274656333834212	0.00749056665640256	0.000832292871034628	0.00732411262974713	0.000665834324501559	0.0208890342805566	0.000499375759519256	0.000166458592656167	0	8.3229296616353e-05	0.000249687887542903	0.0020807309164104	0.00124843912638369	0	0.000915522135941355	0	8.3229296616353e-05	0.000249687887542903	8.3229296616353e-05	0.000249687887542903	0.00416145282448702	0.000249687887542903
0.618685027261404	7.45212012127902e-05	0.0326344931752251	0.0386668674343302	0.0277183373785956	0.0157233256012404	0.0351667580966859	0.00633425975077631	0.00558906099794229	0.00566358101971986	0	0.0264519415868633	0.0228760135259164	0.00558906099794229	0	0.000447127192792107	0	0.0390391923801954	0	0.00797368404289043	0.0108053639196492	0.00134138122081306	0.000968775465126122	0.000223563601982984	0.000894254296193357	0.000223563601982984	0.00722849357468662	0.00417317515885549	0	0	0.000298084800712694	7.45212012127902e-05	0	0	0.0111779474165603	0	0.015499789238636	0.00417317515885549	0.000149042402011734	0.00178850787726083	0.00581262096850872	0
0.0115034439084492	0.317300195566755	0.0585805675966265	0.110702264928918	0.0317667741686703	0.000273897558887069	0.00739516677714536	0.0440832280941531	0.0916274185975755	0.0492816106066966	0	0.0924456433370665	0.0197193464749864	0.00493013614940548	0	0.000821692594470191	0	0.00410845187664778	0	0.0427150290823848	0.00794294578618743	0.00438234696983699	0.00986015247082334	0.00164338463415168	0.01205120103737	0.009038496489997	0	0.00109559003007078	0	0	0.000273897558887069	0.00109559003007078	0	0	0.012325078256241	0	0	0.000821692594470191	0	0.000273897558887069	0	0
0	0	0	0	0	0	0	0	0	0	0.879335521999966	0	0	0	0	0	0	0	0	0	0	0	0	0	0	0	0	0	0	0	0.00268816880544559	0	0	0	0	0	0	0	0	0	0	0
0.319275447105043	0.00215146133506046	0.038430012147225	0.0140557620752151	0.0185015262055011	0.0232337100079239	0.30245305469983	0.0174976728048059	0.0286822404285508	0.011617638832474	0.000143430865830646	0.0561953182662201	0.00315547382257419	0.00645434417130356	0	0.000143430865830646	0	0.00129087743838979	0.000286861728710573	0.0174976728048059	0.000573723433815398	0.00286861339217112	0.0027251830869738	0	0.00372919388079759	0.0027251830869738	0.0172108542648645	0.000860585091708744	0.00731490894804208	0	0.000717154270138863	0.000860585091708744	0.00129087743838979	0	0.0107571075125504	0.0172108542648645	0	0.0179278979086833	0.000143430865830646	0.000573723433815398	0.0203657751541541	0
0.83037961539764	0	0.00633097971543305	0.0111544265139826	0.00120590866159874	0	0	0.00693392092167811	0.00331624354476794	0.00602950823553877	0	0.00120590866159874	0.00211033910286897	0.000301477233901692	0.00331624354476794	0.00391919406689228	0	0.00180886244438285	0	0.00180886244438285	0.000602954440402568	0.00602950823553877	0.000602954440402568	0	0.000301477233901692	0	0.00301476781790003	0	0	0	0	0.000301477233901692	0	0	0.000301477233901692	0	0	0.00120590866159874	0	0.00422066880735031	0	0
0.509009985170973	0.0594665559326528	0.0217816307257355	0.0239000809236498	0.00254280112483782	0.154914473479029	0.000169520256858871	0.0150867306124681	0.00101712137064998	0.0115271222430597	0	0.00186472175371408	0.00389895604785783	0.00135616164566333	0.000678080978720259	0.00339039865808462	0	0.0346599527054605	0.019663082786668	0.00101712137064998	0.000169520256858871	0.00305135990297314	0.00245804126099177	0.00101712137064998	0.000169520256858871	0.000423800631490721	0.0052551038001685	0.0023732813794866	0	0.00381419654937026	0.000254280383765956	0.00186472175371408	0.00110188145188657	0	0.00059332086703668	0.0853346044607408	0	0.000423800631490721	8.47601287339057e-05	8.47601287339057e-05	0	0
0	0	0.0391695782623103	0.0541413078495053	0.006047820087328	0	0	0.0354908396452874	0.0181425755680512	0.251354881972155	0.000525900580544183	0.0105178181732467	0.000262950299362658	0.0134100634969086	0	0.0449493638913925	0	0	0	0.0115695551971796	0.000262950299362658	0.0588668632134636	0.0656903207252784	0.0199828930404363	0	0.00262949999374851	0	0	0	0.0850931696791461	0.000788850825363453	0.0407460212511002	0.126666013424433	0.0544038713639646	0	0	0	0	0	0.0189312909425445	0	0
0.662670234931104	0.000223064910039484	0.0399180171688055	0.0149447927783562	0.0144987112987653	0.000223064910039484	0	0.00289983979040028	0.00312290369041456	0.00535353231299362	0	0.00111532432821247	0.0220816317383573	0.0588551525086753	0	0.0022306472690221	0	0	0.059523176726506	0.000669194685721447	0.000223064910039484	0.00602271621050486	0.000669194685721447	0.000223064910039484	0.000223064910039484	0.00847636514870149	0.00200758285844734	0.000223064910039484	0	0.000223064910039484	0.000223064910039484	0.0113760651327942	0.00133838907176334	0.000669194685721447	0	0	0	0.000446129808979716	0.000669194685721447	0.000892259529165441	0	0
0.0809660898045928	0.00806179305281862	0.099086065881334	0.131119772065492	0.0156873400094008	0.00108944307896901	0	0.0528134446203275	0.00403092927353524	0.0218960605450667	0.00196099667321945	0.00228782892258929	0.0183016256433647	0.215881070983835	0.000108944329232145	0.0351817602217991	0.000108944329232145	0.000108944329232145	0.128310884846207	0.00326832406475167	0.00076261023221447	0.0304996834018251	0.00196099667321945	0.0081707337940261	0.00119838733708371	0.0442169879319593	0.00119838733708371	0.0103495265355831	0	0.0173212822276516	0.0184105516211575	0.00185205254182276	0.000108944329232145	0.00686343886930936	0.00119838733708371	0.000108944329232145	0	0	0.00141627580934966	0.00098049880792388	0.000108944329232145	0
0.324742499520405	0.44614211181725	0.05678765506727	0.02157485094607	0.0291241909462545	0.00884625976411496	0	0.016181687358835	0.00151035615764435	0.0100688747441321	0	0.000575373961348755	0.00424337046457675	0.00143843448669609	0	0.000287686992579411	0	0.033653026080954	0	0.00172612112212512	0	0.00402760706260878	0.00273302306485513	0.00208572921272463	7.19217490749336e-05	0.000575373961348755	0.00194188600624725	0.000503452222690725	0	0	7.19217490749336e-05	0.000575373961348755	7.19217490749336e-05	0	0.00244533703360247	0.000143843497777835	0	0	0.00402760706260878	7.19217490749336e-05	0	0
0.589237487195477	0	0.057824443579851	0.016435814903851	0.0548705553723272	0.174976894153222	0	0.000986193134027484	0.00361603419721033	0.00723202111331222	0	0.00262984575231948	0.0223518534306475	0.000986193134027484	0	0.000328731092041194	0	0	0.000328731092041194	0.000986193134027484	0	0.00197238530890794	0.00131492401292465	0.00131492401292465	0.00164365474972603	0.000986193134027484	0.00920434077726003	0	0	0.000657462148558355	0	0	0	0	0	0	0	0	0	0.00197238530890794	0	0
0.0745827177684366	0.631819724016312	0.071110759955524	0.0357066977461749	0.0239791356663637	0.00541513598953297	0.0141820929178614	0.00889622097302813	0.00760694056119801	0.007864797723689	0	0.00954085576768107	0.00489941309612138	0.000644662152356319	0	0.000515729734744959	0	0.00219184971481343	0	0.00283650986317745	0.00116039169420281	0.00232078182593158	0.00361010046160919	0.000128932439044534	0.00219184971481343	0.00283650986317745	0.00141825635796036	0.00128932403679815	0.00038679730856033	0	0	0.000128932439044534	0.000128932439044534	0	0.00876729356191329	0.0118615062799122	0	0.000515729734744959	0.000128932439044534	0.00025786487594575	0.00296544175996597	0
0.019580994131263	0	0.0391544856423838	0.0150124909175339	0.059690396664226	0.6588585943966	0	0.000326370751386104	0.00456917470179001	0.00195822329156764	0	0.00946461065276107	0.0407850366048258	0.012075424548754	0	0.00881189640350307	0	0	0	0.00195822329156764	0	0.000326370751386104	0.000326370751386104	0	0	0.000979112115101105	0.00424280711391062	0.000979112115101105	0	0	0	0	0	0	0	0	0	0	0	0.00881189640350307	0	0
0.784808900114028	0.000359971194529682	0.00323973515341738	0.00899915859117742	0.00323973515341738	0.00719936185445441	0.0280740658570174	0.00107991339700994	0.0428234832280755	0.000719942342414573	0	0.0104389752727525	0.000719942342414573	0.00179985503975374	0	0	0	0	0	0.00251979574960635	0.00863920138927177	0.000719942342414573	0.000719942342414573	0	0.00143988431167115	0.000359971194529682	0.00107991339700994	0.000359971194529682	0	0	0	0	0	0	0	0	0	0.00395967287804255	0.000359971194529682	0	0	0
0.0259122280921247	0.61812362696246	0.0189493032571244	0.0587611249591382	0.0276932531327838	0.00226757175288036	0	0.00194363337294816	0	0.00323938532901174	0.000809847660099722	0.000323939093783796	0.00534496969107033	0	0	0	0	0.00615480403047946	0.000485908630052868	0.000161969549016463	0.000161969549016463	0.00113378660516405	0.0252645619509906	0.00242954085573992	0	0.00113378660516405	0.0826722344244595	0.000971817145379258	0	0.0440414786217481	0	0.000161969549016463	0	0	0.000161969549016463	0	0	0	0	0.000971817145379258	0	0
0.0520364379486425	0	0.29387890386431	0.0176020872879495	0.180663545832108	0	0.00524342166620748	0.0961066652470856	0.0823040515850842	0.0161041728170398	0	0.00337078013362716	0.0453028542613812	0.00599247349853864	0.00187265808150847	0.00973767382320191	0.0389414680619187	0.000374531826449807	0.00374530959592945	0.00262171984307953	0.013108238839773	0.00561794797638272	0.0295836995400755	0	0.00786508745054697	0.00936315907014497	0.000374531826449807	0.0198488839023436	0.0011235952692011	0	0.0071160448116044	0.00224718911990413	0.00374530959592945	0.000374531826449807	0	0	0	0.000749063600362517	0	0.00149812678042865	0	0
0.765703614677239	0.000340367590432829	0.013614283311318	0.00272293741121773	0.0241637478368184	0.00102110261357209	0	0.00102110261357209	0	0.00306330358212122	0	0.000680735141434047	0.0112318945388734	0.0017018371635328	0	0.000680735141434047	0	0	0	0.000340367590432829	0.000680735141434047	0.00272293741121773	0.00136146996741546	0.0139546185724315	0	0	0.00340366939814516	0	0	0	0.000340367590432829	0.000340367590432829	0	0	0	0	0	0.00136146996741546	0	0.000340367590432829	0	0
0.855882648926218	0	0.00120433531705674	0.0204722752728699	0	0.00120433531705674	0	0.000401445191947127	0	0.000802890319198071	0	0.000401445191947127	0.000401445191947127	0	0.000401445191947127	0	0	0	0	0	0	0.000401445191947127	0	0	0	0	0.00602164164992496	0	0.000802890319198071	0	0	0	0	0	0	0	0	0.000401445191947127	0	0	0	0
0.49326589647549	0.0027026994123523	0.0346777340094679	0.0409795203990677	0.0180170432385771	0.0130626915702017	0.109242050510813	0.00720714481366776	0.0369285430158475	0.0144139153010966	0	0.0148643174854439	0.00630626450728038	0.0135131022521568	0	0.000900900779035715	0	0	0.00900888714822946	0.00675670534591895	0.0346777340094679	0.00765758281914796	0.00990974771445626	0	0	0.000900900779035715	0.00135135094005654	0.00225225034811238	0.000450450435217298	0	0.000450450435217298	0.0108106002387675	0.000450450435217298	0.000450450435217298	0.00855845407780066	0.0108106002387675	0.0225206188128259	0.0193681584314406	0.000900900779035715	0.000450450435217298	0	0
0.650777324136241	0.000111346175028802	0.0101879987908415	0.00757146757565652	0.015921830343738	0.000167019262111807	0.167405390822759	0.00228259461066293	0.00623534540986643	0.00111346152251116	5.56730876006802e-05	0.0042868146178136	0.00200422981284871	0.0038414335986668	0	0.000668077001856491	0	0	0	0.00222692166455954	0.0115240740632014	0.000779423147895505	0.000779423147895505	0	0.000222692348677138	0.000668077001856491	0.00205990278552589	0.000111346175028802	0	0	0.000167019262111807	5.56730876006802e-05	0.000111346175028802	0	0	0	0	0.000668077001856491	5.56730876006802e-05	0.000890769284271262	0	0.055866714605686
0.363040071915465	0.000137381508016814	0.149599359176885	0.106816951404041	0.104767707424017	0.000137381508016814	0	0.040653727333191	0.00109905184633149	0.0383200617988957	0	0.00329715022877547	0.0178586468030894	0.0273355157326654	0.000137381508016814	0.0250008300302566	0	0	0.00192333993247038	0.00219810236510463	0	0.0210178233251324	0.00068690748822619	0.00494571414203717	0.0170344832094475	0.0332402034613618	0.00261024569642885	0.00329715022877547	0	0.000274763013440733	0.000824288957349604	0.0012364332610042	0	0	0	0	0	0.000412144513678864	0.00412143358553294	0.00137381465234092	0	0
0.587392678232386	0.000219780218010867	0.063912523309153	0.0448201571919269	0.040501746484675	0.0105492548829297	0.00586077230914343	0.0153840085610644	0.0356700910243074	0.0162630193646444	0.000146520145995894	0.0321556304703829	0.0172885160410495	0.0148712467265021	0	0.00556773680136564	0	0.00608054861109048	0.00065934061156813	0.00373625504348559	0.00366299547160267	0.00754571593946967	0.00205128061273501	0.000952380808408078	0.00593403110843683	0.0133329383032065	0.00139194094246051	0.00329669732516512	0	0	0.000219780218010867	0.000293040288846271	7.32600731945417e-05	0	0.00146520094094914	0	0	0.00300365848717769	0.00388277412670152	0.00351647626925274	0.00600728987588355	0
0.549686529384232	0	0.0391053785368868	0.00017646020730727	0.000823480878637631	0.325049771969036	0	0.0131164993753317	0.00017646020730727	0.00335273767496417	0	0.000529380599943197	0.00382329519693469	0.00264690003261247	0	0.000705840774282552	0	0	0	0.000352920409119886	0	0.0067642563984879	0.000117640138544023	0	0	0.000470560537895636	0.00517614299424755	0	0	0	5.88200693737643e-05	0	0	0	0	0	0	0	0.000117640138544023	0.000411740474220031	0	0
0.143477312782918	0.0258618723853052	0.104205200511129	0.0190078924706768	0.213701593633824	0	0	0.00623243082682249	0	0.0137110069879535	0	0.00124649391217476	0.0734770264855633	0.127111462047149	0.000311623553697453	0	0	0	0.000623247077133385	0.010595002774028	0	0.00342785243317138	0.00623243082682249	0.0989348153994802	0	0.000623247077133385	0	0.00560919464355027	0	0.00592081302265576	0.00966018007375322	0.0112182128143639	0.00373947398962736	0.00280460835190677	0.000311623553697453	0	0	0.000934870540046301	0.0859024143543913	0.00124649391217476	0	0
0.736644112774327	0.000310848611717601	0.0017096665590989	0.109665040800988	0	0	0.0234669166464491	0.00248678637069651	0.000466272908190051	0.000310848611717601	0	0.0031084811612039	0.000155424307736071	0.00341932812093683	0	0.00093254571500755	0	0	0.00932532334352938	0.00139881831908014	0	0	0	0.000155424307736071	0	0	0.00326390468049241	0.00155424245786216	0	0.000155424307736071	0	0.00124339414650736	0.000155424307736071	0.00388559793166207	0	0.000155424307736071	0.0130552710422784	0	0	0	0	0
0.211018471333783	0	0.185120431213797	0.0242053827517675	0.103687347949151	0.00572179976487107	0	0.0290452117278619	0.0184848627923754	0.0936132112211289	0	0.0189249266484	0.0228853262382511	0.0123236317240446	0	0.00176056247078078	0	0	0.000440140830859452	0.011883523120124	0.0294851641570375	0.0519132989339063	0.00792245233522262	0	0.00704219531428649	0.0158444074703464	0	0.0444395967791341	0.00880270321760059	0.000440140830859452	0.000440140830859452	0.000440140830859452	0	0	0	0	0	0.00352111948458657	0.000440140830859452	0.0123236317240446	0	0
0.0632295961346134	0.430424751262718	0.0754627185585684	0.0579595391212444	0.0320136066106297	0.0132841192140895	0.0261402571690571	0.0269915278837212	0.00306565133362456	0.0172008889864231	0.00136251341645976	0.0223944493205753	0.0148167958424023	0.00246955382125436	0	0.00476878035840468	0	0.0202660060669494	0	0.00919683875856653	0.00298049460789603	0.00928199223875189	0.00281018109221598	8.51571147740252e-05	0.00127735637579005	0.0280981504867547	0.00332112137495406	0.000340628452920733	0	0	0.000255471341851929	8.51571147740252e-05	0	0	0.0149019435567359	0	0	0.00451331176578191	8.51571147740252e-05	0.000255471341851929	0.00987806468100254	0.0134544182240144
0.762663178555364	0.0017234617398221	0.00524870288850813	0.0309390512911282	0	0.0130822746990924	0.0596590809613635	0.0034469183604373	0.00195847896734621	0.000470035235336223	0	0.0032902408319861	0.00031335682996775	0.00305522438907103	0.0012534270121783	0.0017234617398221	0	0	0.00031335682996775	0.00101840953801995	0.000391696033853912	0.00211515705973429	0.000783392007611569	0	0	0	0.00250685205512882	0.00109674870296376	0.00689379576804047	0.0013317661554875	0	0	0	0	0	0.000156678416906956	0.0070504703773863	0	0	0.000548374433933913	0	0
0.00476188676547176	0.262069215837134	0.0187819645024347	0.0457512332044809	0.0150787936619372	0.00132275093702167	0.00423279159330707	0.00370369523621207	0.00105820086070742	0.00608461853987099	0.26896746367513	0.00608461853987099	0.00132275093702167	0.0465440396454997	0	0	0.187263388842253	0.00158730092076099	0.00211640053645542	0.00555552697799179	0.00238095013138104	0.00529098060459936	0.00105820086070742	0.00238095013138104	0.0489222815926901	0.0018518507934105	0.000264550261464425	0	0	0.00158730092076099	0.00132275093702167	0	0	0	0.00105820086070742	0.000529100504413815	0.00687825264274447	0	0	0.000529100504413815	0.000793650710333148	0
0.741057109701196	0.000100948919675101	0.0082777168947433	0.0162015928290382	0.000504744577800737	0	0.0448567504372705	0.0433439880647139	0.00030284675491035	0.00832818961488097	0	0.00131233558131576	0.00156470761914003	0.00242277170610995	0	0.00257419461311232	0	0.000151423379191171	0	0.00232182307036549	0.00383604954607422	0.00969094461800346	0.000555219030630007	0	5.04744599018468e-05	0.000100948919675101	0.000605693482044763	0.0080253529803214	0.0279087531821214	0.000151423379191171	0.000100948919675101	0.000201897838321464	0.000100948919675101	0	0	0	0	0.000504744577800737	0	0.00136280999608177	0	0
0.0820682374978675	0.000654664437688434	0.119843849632364	0.0657464046603187	0.113016215739374	0.00458263535150385	0.00392797680590899	0.0889171565220072	0.21311311679921	0.0543104490296844	0	0.0252019147906393	0.0157113012428723	0.0196386721437301	0.00687392295353616	0.00098199656885153	0	0	0	0.049080129441018	0.0353445227632067	0.00654659808212531	0.0166931690510353	0.00981980944750774	0.013092915611542	0.0150567142314356	0.00098199656885153	0.00458263535150385	0.000654664437688434	0.00098199656885153	0.000654664437688434	0.00458263535150385	0.00163666048045371	0	0.00458263535150385	0	0	0.00163666048045371	0	0.000654664437688434	0	0
0.00237690777884505	0	0.363742372878735	0.000339558567328805	0.21929084054943	0	0	0.0614214748309591	0.0183351356617535	0.0312343099411263	0.00475380212902935	0.0275007779110993	0.0132423973433791	0	0	0.0305555167847895	0	0	0	0.00271646524994811	0.000679117095506508	0.00407469161081184	0.00101867554538205	0	0	0.0264824731979263	0	0.0563369177251632	0	0	0.0617603903715623	0	0	0	0	0	0	0.000339558567328805	0	0.00169779205362284	0	0
0.744587295904714	5.74250602647521e-05	0.0432276064406429	0.0357681853274185	0.0153318904221558	0.00511080811698518	0	0.00924530299913093	0.0198677637761601	0.00511080811698518	0	0.00826911444441271	0.00356034621650321	0.00269897455716185	0	0	0.0111402312701137	0.00178017592894816	0	0.00212472563229877	0.000803950757544554	0.00223957547938325	0.00149305101298553	0.000631675621251533	0.000803950757544554	0.00223957547938325	0.000689100669018065	0.00120592597393475	0	5.74250602647521e-05	0.000229700239165338	0.000229700239165338	5.74250602647521e-05	0	0.00568505034600626	5.74250602647521e-05	0	0.000516825519658728	0.00109107592915199	0.00028712529753642	0	0
0.655856773547328	0.000112650670033229	0.0479707850537635	0.0720902957410017	0.013348707993698	0.0328880666398502	0.0195436471388424	0.0119406872961963	0.00343583868327097	0.00636471989814618	0	0.00281626303399697	0.0231476455486019	0.00101385585875235	0	0.000281626671955917	0	0.0199941617805309	0	0.00264728765928868	0.00236566186918627	0.0029289132394272	0.000394277335734836	0.000112650670033229	0.000281626671955917	0.000450602665837351	0.00422438757081982	0.00242198704293173	0	5.63253351059616e-05	0.000281626671955917	0	0	0	0.0121659722710534	0	0.00456233631854011	0.000732229291332694	0	0.000563253321575017	0.00253463736719256	0
0.117074317750378	0.634728222980911	0.0207462118917	0.0166365392748847	0.0114501314818595	0.00137013071244196	0.000685065516976526	0.00293599108434382	0.0317034381026154	0.0363983042501344	0	0.00743778618869834	0.00274025885280329	0.00322958921841006	0	0.0001957330189107	0	0	9.78665099240254e-05	0.00450184425749536	0.000293599526022672	0.00146799712394426	9.78665099240254e-05	0.00107653140294714	0.0001957330189107	0.00254452651628062	0.022116028340171	0	0	0.0001957330189107	0.000489332530873106	0	0	0	0.000391466030322591	0	0	0.00254452651628062	0	9.78665099240254e-05	0.00665487356423784	0
0.710923155611123	0.000741564633553569	0.0111232411481133	0.057069498434004	0.00370781501182171	0.0152014909008204	0.0352170432723461	0.00185391069182318	0.00444937352845453	0.00704480639283245	0	0.00704480639283245	0.00296625445623213	0.00407859455049355	0.00111234682289298	0.000741564633553569	0	0	0	0.0218744142050467	0.00296625445623213	0.00482015189473384	0.000741564633553569	0	0	0.00111234682289298	0.00148312885930771	0.00185391069182318	0.00667403276698342	0	0	0	0	0	0	0	0	0.0122355122809406	0	0.00778635068820958	0	0
0	0	0.0949154820371732	0	0	0	0	0.19826640140437	0	0	0	0	0.0045908561395967	0	0.0558715481980877	0	0	0	0.167458216889001	0.0305110638624899	0	0	0.0450832951833878	0.00432080751150463	0.188989094515699	0	0	0	0	0.0221423980045363	0.012422040777807	0.0297012769710269	0	0.0911510685440416	0	0	0	0	0	0	0	0
0.780651868829942	0.000214054184653669	0.00516785663758907	0.00672736653931079	0.000428108359499548	0.0888988214766636	0.00266038460565758	0.00162069527239631	0.00198764470675887	0.000825637481880393	0	0.002293435699711	0.00140664133173602	0.00489264759510437	0.00217111932666343	0.00305791218130557	0.00143722047029079	0	0.00159011614233397	0.000825637481880393	0.000825637481880393	0.00162069527239631	6.11583389013889e-05	0	0.000519845857572039	0.000244633353318024	0.00122316647378632	3.05791694649915e-05	0	0	9.1737508280598e-05	0	0	0	6.11583389013889e-05	0	0.00431164953606468	0.000214054184653669	0	0.00048926669199585	0	0
0.74811613972714	0	0.0389796943568953	0.022513199763685	0.026081611812797	0	0.00439317642324318	0.0142773842384973	0.00164744571277416	0.00796257373873168	0	0.00164744571277416	0.0112573130269933	0.00631516944594865	0	0.0013728716170657	0	0	0.0010982974178552	0.00796257373873168	0.000274574406214941	0.012630087051895	0.000274574406214941	0	0.000549148791729417	0.00247116717188516	0.0010982974178552	0.00356945974586714	0	0.0010982974178552	0	0	0	0	0	0	0	0.00796257373873168	0	0.00192201968428032	0	0
0.284628937570348	0.436235551409839	0.00184430103171789	0.0355196128042978	0.000388274111773974	0.0619870867679244	0.0105802724141499	0.000873616662317122	0.000485342632857903	0.000582411149368789	0	0.00669767852119761	0	0	0	0.00174723265788559	0	0.0307658703866226	0	0.00155309586174695	0.000194137059545422	0.00611527929887242	0.000582411149368789	0	0	0	0.0124244522322226	0.000194137059545422	9.70685302300152e-05	0	9.70685302300152e-05	0	0	0.000291205587031611	0.000194137059545422	0.0124244522322226	0	0.0019413693881727	0	0.00242671087777388	0.0151421120934708	9.70685302300152e-05
0.00248215692994163	0.000310269929865166	0.218547740730309	0.346719095305051	0.146542888671213	0	0	0.0170640182854703	0.00124107942077198	0.0397041191291145	0.000310269929865166	0.00217188783640194	0.0573684648185593	0.00403349821605126	0	0.000620539829861448	0	0	0	0.00651562252995861	0	0.0102387289585519	0.00558482979502605	0.00558482979502605	0.00775667058962107	0.00186161853378152	0	0.000620539829861448	0	0.0691351085507705	0.00775667058962107	0.019855971069759	0.00899770670281952	0	0	0	0	0	0	0	0	0
0.520005237812049	0.179401411900347	0	0.0479268555062188	0.000380517494622428	0.0502072144172625	0.0273938339888269	0.00114155226348147	0.000380517494622428	0.00114155226348147	0	0.00570773156575742	0	0.00418568031971568	0	0	0	0.0578064609798797	0	0.00152206942752544	0	0.000761034934148385	0	0	0	0	0.0642632170535115	0	0	0.000380517494622428	0	0.00875179086487475	0	0	0.00190258637118424	0.000380517494622428	0	0	0	0	0	0
0.72800155446611	0.000170502982976094	0.0265953301647368	0.00485931591454237	0.039801936885911	0	0.04372008591748	0.00716106411530652	0.00502981681386803	0.00954802201846343	0	0.00861029429114548	0.00843979750313432	0.00034100596099545	8.52514917978429e-05	0.000511508929101332	0	0	8.52514917978429e-05	0.00289854666591085	0.00119352060325552	0.0033248020585751	0.00110826916784051	8.52514917978429e-05	0.00127877202999625	0.00119352060325552	0.00034100596099545	0.00213128568400957	0	0.000170502982976094	0	0	8.52514917978429e-05	8.52514917978429e-05	0.0153446663623585	0	0	0	0	0.00673481694737107	0	0
0.00211528134164893	0.779067903524883	0.0176264449136291	0.00652207609498728	0.00616953604191762	0.00123391472302083	8.81367881813254e-05	0.00740342258554408	0.00405428115474541	0.00625767112878102	0	0.00863729785795336	0.00176273485303689	0.0015864615238341	0	8.81367881813254e-05	0	0.00141018814533635	0.000528820705125037	0.00528818265046315	0.000969504519370586	0.00088136776884525	0.00193900812746755	0	0	0.00132205143931349	0.00361360045564336	8.81367881813254e-05	0	0	8.81367881813254e-05	0.000528820705125037	0.000528820705125037	0.000616957478928615	0.000528820705125037	0.000176273575677996	0	0.00088136776884525	0	0	8.81367881813254e-05	0.0085491643237561
0.577061296862994	0.000822706612252007	0.0127516083495573	0.0464662061020446	0.00411352192442807	0.000411353340928866	0.0316689143140419	0.00246811760937877	0	0.00534756809590986	0	0.000822706612252007	0.000411353340928866	0	0.000822706612252007	0	0.207073116199188	0.0431786837176759	0	0.00246811760937877	0	0.00534756809590986	0	0	0	0	0.0193324033251362	0	0	0.000411353340928866	0	0	0	0	0	0.00164541266765885	0	0.0012340597443638	0	0.000411353340928866	0	0
0.398219737268136	0.00577554544862927	0.0379446892669318	0.0152634337359143	0.032172667317647	0.133268529897257	0.0453639773369004	0.0799478096453483	0.0214505001951656	0.0169133850264784	0	0.0346465334163829	0.0243375313396803	0.00660061213656862	0	0.000412541242423661	0	0.0185632902787972	0	0.00577554544862927	0.0107258669479084	0.00206270480791082	0.0305233129619217	0.00165016426759042	0.00165016426759042	0.00577554544862927	0.00453793822049147	0.0132009367190597	0.00288778476519189	0.000412541242423661	0.000412541242423661	0	0.000412541242423661	0.000412541242423661	0.000412541242423661	0.0123759216982239	0.000825082414636835	0.00536301059521316	0.000412541242423661	0.00206270480791082	0.00701314383069508	0
0.6132877360529	0.000221173693271977	0.0652000355172418	0.0262429328309652	0.0207888299010631	0.0502589919215686	0.0142283609652444	0.0187986568538385	0.00457090711473094	0.00833077948552893	0	0.0168084093552125	0.0110584593634275	0.00951032552530595	0	0.00132704178095557	0	0.0356014438461827	0	0.00427601174081184	0.00442345947585589	0.00213801075688662	0.000810970126383596	0	0.00243290824574525	0.000368622816777083	0.00235918389236409	0.00309642678303327	0	7.37245649582804e-05	0.00132704178095557	0	7.37245649582804e-05	0	0.00759355722061454	0	0.0151866766248661	0.00258035691243633	0.000589796486006106	0.00243290824574525	0.001916837516823	7.37245649582804e-05
0.726465803678441	0.0939738167527736	0.0387015109697741	0.017384381646761	0.000463606844774277	0	0	0.00556325363961121	0.000231803428614865	0.0034770444542066	0	0.00208622936288222	0.00625865176925282	0.00069541023602279	0	0.00231803223100369	0	0	0.00069541023602279	0.00417244964582706	0	0.000231803428614865	0.00857662178801687	0	0	0.00069541023602279	0	0.000463606844774277	0	0	0	0.00069541023602279	0.00162262330279945	0	0	0	0	0.00069541023602279	0	0	0	0
0.603155979993545	0	0.064908688681388	0.0289093672884732	0.0361674775515953	0.0745677784762514	0.0608822309300892	0.0272962336610018	0.00295857556550274	0.0104893181391911	0	0.00201721218762	0.00416889593936253	0.00376545640573163	0	0	0	0	0	0.00228617337161661	0.00282409522400855	0.00658951659373454	0.0075308594236545	0	0.000268961804180543	0.00242065390281281	0.00201721218762	0.0138510901832139	0	0	0.000134480903306323	0	0	0	0.00215169279907499	0	0.00107584702215409	0.000134480903306323	0.000268961804180543	0.000403442700190559	0	0
0.477216713736879	0	0.0649311588228688	0.0253453762860261	0.0328395094972222	0.00749725214942014	0.0264160636903743	0.00749725214942014	0.0296279393569721	0.00999626336574686	0	0.106900882168663	0.00714024636104385	0.0207054109145092	0	0.000714030642646706	0	0	0.000357015344075928	0.0135661672376654	0.0446121193385906	0.00142806092125253	0.00142806092125253	0.000357015344075928	0.000357015344075928	0.00214209047177825	0.00249910486024968	0.00606922371769546	0.0174928600813835	0	0	0.0035701459324509	0.00571221456216019	0	0.0192776349518466	0	0.0121382238870532	0.00142806092125253	0.000357015344075928	0.00142806092125253	0.00321313263608948	0
0.60075149457237	0	0.0444281389504616	0.0555059467692834	0.00957213977645752	0	0	0.0021271730520378	0.00668535626313064	0.0577055665400418	0.000151941046289192	0.0182319155516085	0.00402642686266582	0.00068373465765862	0	0.00113955760491694	0	7.59705233638289e-05	0	0.0902822262917732	0.00068373465765862	0.0214980021602529	0.00144343944406263	0	0.00326672669763641	0.00113955760491694	7.59705233638289e-05	0.00417836663084444	0.00167135073748294	0.00235508404949561	0.00129149853939757	0.000151941046289192	7.59705233638289e-05	0	0	0	0	0.00714116850740055	0	0.000835675660539754	0	0.0163329363538052
0.281065038088678	0.493707885053333	0.0123878455829922	0.0115030399961865	0.00540750486259136	0.00771794520447446	0	0.0059974077590915	0.000835709272498862	0.00117982471890942	4.91593746729538e-05	0.00068823119136704	0.00211385153754352	0.000393274987404371	0	9.83187492271069e-05	0	0	0.00290039904035924	0.00221217005689206	0	0.000294956243879698	0.00201553299776141	0.0517908248228996	0.000196637497503808	0.00275292150558838	0.0111097901369985	0.000589912462098447	0	0.0132726414721954	0.000393274987404371	0.00776710310572841	0.00309703565470452	0	0	0	0	4.91593746729538e-05	0.000835709272498862	4.91593746729538e-05	0	0
0.611438673195672	0.000475680800232115	0.0463622690128661	0.0449367122788752	0.0158157278455017	0.0410159693390692	0	0.0158157278455017	0.0160535380618914	0.0133186691456177	0	0.00570813882009758	0.0165291557578159	0.00451895239240657	0	0.000237840406843142	0	0	0.00309192039166395	0.0083243181797299	0	0.00665948223105104	0.0115350040380839	0	0.000237840406843142	0.00130812187689762	0.000713521166712757	0.00701623450254552	0	0.00130812187689762	0.000237840406843142	0.0154590108481794	0.0296068053702528	0	0.000832441335658032	0	0	0.000118920204262457	0.00118920176513248	0.00107028163654966	0.000118920204262457	0
