"Bacteroides.Otu0001"	"Bacteroides.Otu2520"	"Prevotella.Otu1987"	"Bacteroides.Otu2654"	"Bacteroides.Otu0863"	"Faecalibacterium.Otu0067"	"Bacteroides.Otu2038"	"Alistipes.Otu2508"	"Bacteroides.Otu0848"	"Bacteroides.Otu0929"	"Bacteroides.Otu2431"	"Parabacteroides.Otu1736"	"Ruminococcus.Otu1859"	"Bacteroides.Otu2065"	"Bacteroides.Otu2625"	"Prevotella.Otu1994"	"Alistipes.Otu1466"	"Escherichia_Shigella.Otu2393"	"Bacteroides.Otu1201"	"Blautia.Otu2475"	"Erysipelotrichaceae_incertae_sedis.Otu0818"	"Bacteroides.Otu0661"	"Bacteroides.Otu0069"	"Clostridium_XI.Otu1804"	"Bacteroides.Otu2765"	"Bacteroides.Otu0480"	"Bacteroides.Otu0786"	"Bacteroides.Otu0006"	"Akkermansia.Otu1935"	"Bacteroides.Otu2481"	"Bacteroides.Otu2437"	"Faecalibacterium.Otu0751"	"Bacteroides.Otu1726"	"Clostridium_XlVa.Otu0236"	"Prevotella.Otu1633"	"Dorea.Otu1142"	"Bacteroides.Otu1624"	"Bifidobacterium.Otu1244"	"Bacteroides.Otu2343"	"Prevotella.Otu2602"	"Sutterella.Otu0171"	"Bacteroides.Otu2104"	"Lactobacillus.Otu0959"	"Megamonas.Otu2657"	"Prevotella.Otu1803"	"Lachnospiraceae.Otu0220"	"Lachnospiraceae.Otu2512"	"Ruminococcaceae.Otu1504"	"Clostridiales.Otu1597"	"Prevotella.Otu0634"	"Bacteroides.Otu0877"	"Parabacteroides.Otu1378"	"Lachnospiraceae.Otu2222"	"Clostridium_XI.Otu2681"	"Bacteroides.Otu1565"	"Gemmiger.Otu0907"	"Enterococcus.Otu1019"	"Bacteroides.Otu2216"	"Lachnospiraceae.Otu0898"	"Megamonas.Otu1877"	"Ruminococcus.Otu0422"	"Sutterella.Otu1997"	"Clostridium_IV.Otu1864"	"Prevotella.Otu1319"	"Phascolarctobacterium.Otu1814"	"Prevotella.Otu0738"	"Lachnospiracea_incertae_sedis.Otu1152"	"Lachnospiracea_incertae_sedis.Otu0113"	"Roseburia.Otu1051"	"Klebsiella.Otu1452"	"Blautia.Otu2495"	"Prevotella.Otu1563"	"Bacteroides.Otu2120"	"Bacteroides.Otu2375"	"Lachnospiraceae.Otu0790"	"Parabacteroides.Otu1107"	"Bacteroidales.Otu1168"	"Lachnospiraceae.Otu2599"	"Prevotella.Otu0773"	"Bacteroides.Otu2534"	"Lachnospiracea_incertae_sedis.Otu0778"	"Bacteria.Otu0435"	"Alistipes.Otu0529"	"Lachnospiracea_incertae_sedis.Otu1990"	"Bacteroides.Otu2460"	"Streptococcus.Otu0749"	"Prevotella.Otu0882"	"Oscillibacter.Otu0154"	"Lachnospiraceae.Otu0272"	"Blautia.Otu0620"	"Lachnospiracea_incertae_sedis.Otu2549"	"Roseburia.Otu2084"	"Lachnospiraceae.Otu0875"	"Bacteroides.Otu2416"	"Ruminococcaceae.Otu0064"	"Bacteroides.Otu1411"	"Lachnospiracea_incertae_sedis.Otu2746"	"Ruminococcus.Otu1429"	"Prevotella.Otu2666"	"Bacteroides.Otu1669"	"Lachnospiracea_incertae_sedis.Otu0651"	"Bacteroides.Otu2383"	"Blautia.Otu0591"	"Lachnospiraceae.Otu1734"	"Bacteroides.Otu0775"	"Catenibacterium.Otu2320"	"Lachnospiraceae.Otu0578"	"Prevotellaceae.Otu2503"	"Lachnospiraceae.Otu2612"	"Prevotella.Otu2327"	"Bacteroides.Otu0752"	"Prevotella.Otu2501"	"Ruminococcaceae.Otu2507"	"Prevotella.Otu2702"	"Prevotella.Otu2220"	"Bacteroides.Otu1854"	"Bacteroides.Otu0801"
0.0154574430946312	0.132595884742838	0	0.00500111577464984	0.00409182763603953	0.0138663435424195	0	0.0443137517819531	0.00591039977836772	0.0045464721752221	0.0474929418770448	0.000227324389949368	0	0.0343192458524458	0.0656495822630141	0	0	0.000454648768151436	0.0038645050434059	0.00295521279334096	0	0.00500111577464984	0.00204591809987083	0.00113662171480095	0.00409182763603953	0	0	0.000909297442324504	0	0	0.00954747941037601	0.00113662171480095	0	0.0186395207908026	0	0.0063650399947263	0.0290934177482556	0	0	0	0.103022934338718	0.00272788931967553	0	0	0	0.00181859413282311	0.00340985927078627	0	0	0.00204591809987083	0.0175030844616105	0.000227324389949368	0.00204591809987083	0	0.103927385524875	0.00113662171480095	0.000227324389949368	0.00613772004512661	0.000454648768151436	0	0	0.00750163457425891	0	0	0	0	0.000681973122858909	0.00818358676439772	0.00204591809987083	0	0.00318253611429347	0	0.000454648768151436	0.000909297442324504	0	0	0.000227324389949368	0.00136394592854101	0	0	0	0	0.00704699782311856	0.000454648768151436	0.00522843719259033	0	0	0.00136394592854101	0.000454648768151436	0.000227324389949368	0.000681973122858909	0.00522843719259033	0.00113662171480095	0	0	0.000227324389949368	0.00136394592854101	0	0	0.00227324196119349	0.000454648768151436	0.000909297442324504	0	0.000454648768151436	0.00477379409827841	0	0	0	0.00136394592854101	0	0.00340985927078627	0	0.000227324389949368	0	0	0.000454648768151436	0
0.0156682680502278	0.00596096273943252	0.199558471880206	8.51571147740252e-05	0.00826014621109293	0.0349073274460628	0.000170314228930514	0.00613127385606313	0.00127735637579005	0.00468362419462133	0.00136251341645976	0.00919683875856653	0	0	0.00102188520067287	0.0320987199905833	0.00723829155856997	0	0.0058758071159706	0.0180523278361591	0	0.00332112137495406	0.00204376933424472	0.00238439695719915	0.00102188520067287	0	0	0.00178829845924928	0	0	8.51571147740252e-05	0.0114108057650745	0	0.00357659119953175	0.0412894678624013	0.0202660060669494	0	8.51571147740252e-05	0	0.0231606645643408	0.0172008889864231	0.000596099768836123	0.000851571045846719	0	0.0239268662134842	0.000851571045846719	0.00868591649866446	0	0	0.010388981131915	0	0.000596099768836123	0.00255471066740117	0	0	0.0149019435567359	0	0	0	0	0	0.00212892626375832	0.000425785561519392	0.0103038285748139	0	0.000425785561519392	0.00187345543137268	0.00391721726631571	0.002895337860554	0	0.00332112137495406	0.0150722386606874	0.00246955382125436	0.000170314228930514	0.00229924007585306	0.000425785561519392	0.000170314228930514	0.00383206079068504	0.0206917023700031	0	0.00366174775667556	0	0.000936728126656243	0.00510940466155456	8.51571147740252e-05	0	0.00553518420221903	0.000425785561519392	0.000766413958861835	0.00204376933424472	0.00221408317783361	0.00374690428726582	0.00357659119953175	0.000596099768836123	0	0	0.00459846799687458	0	0.000255471341851929	0.000170314228930514	0.000340628452920733	0.000510942667030367	0.00178829845924928	0.00306565133362456	0	0.0508169234947251	0.00987806468100254	0.00246955382125436	0.00127735637579005	0.0058758071159706	0.000425785561519392	0.00153282746753996	0.00383206079068504	0.000170314228930514	0.000681256866319124	0	0
0.0214269318256534	0.0147316100082083	0	0	0.237493280354409	0.000892857024227144	0.000446428556599818	0.215297153297561	0.00892845280278563	0.00267856822557065	0.0174098347787549	0.013392456798781	0	0	0	0	0.0196415941894502	0.000446428556599818	0.0348143953929121	0.000892857024227144	0	0.00133928531390965	0.00178571333667532	0.0312449159708549	0.00312499491375933	0.0187489015409583	0.00133928531390965	0.00267856822557065	0.0294600241711168	0	0.00491069454885534	0	0	0.000446428556599818	0.000446428556599818	0.00446427088566354	0	0	0.00133928531390965	0	0.00401784633277316	0.00133928531390965	0	0	0	0	0	0	0	0.0160707368014297	0.000446428556599818	0.0138388439889104	0	0.00937486267632963	0	0	0	0	0.000446428556599818	0	0	0	0.00267856822557065	0	0.0138388439889104	0	0.00267856822557065	0	0	0.000446428556599818	0.00178571333667532	0	0	0.000446428556599818	0	0	0	0.000446428556599818	0	0	0	0	0.00803562780692703	0.000446428556599818	0	0	0	0.00312499491375933	0	0	0	0	0.00178571333667532	0.000446428556599818	0	0	0.000892857024227144	0	0	0	0	0	0	0	0.00223214100355262	0	0	0	0.000892857024227144	0	0	0	0	0	0	0	0
0	0	0	0	0	0	0	0	0	0	0	0	0	0	0	0	0	0.167458216889001	0	0.191111067301064	0	0	0	0	0	0	0	0	0	0	0	0	0	0	0	0	0	0.179164161807527	0	0	0	0	0	0	0	0	0	0	0	0	0	0	0	0	0	0	0.0556019158153205	0	0.0900752828821389	0	0	0	0	0	0	0	0	0	0	0.0911510685440416	0	0	0	0	0	0	0	0	0	0	0	0	0	0	0	0	0	0	0	0	0	0	0.0010802050289238	0	0	0	0	0	0	0	0	0	0.00675123145773266	0	0	0	0	0	0	0	0	0	0	0	0	0	0
0.0431204387500728	0	0	0	0	0.0198050432819408	0.13384299031335	0	0	0	0	0.0048415303811711	0	0	0	0	0	0.000440140830859452	0	0.00924282614373115	0.00176056247078078	0	0	0.00924282614373115	0	0	0	0.0127637379410661	0.00792245233522262	0	0	0.00132042215151534	0	0.0435601665386025	0	0.0127637379410661	0	0	0	0	0	0	0	0	0	0.0422409582592227	0.000440140830859452	0	0.0554293584641132	0	0	0	0.0400421156488678	0.00176056247078078	0	0	0	0	0	0	0	0	0	0	0	0	0.0242053827517675	0.00440139423985661	0.0162844915251596	0	0.0048415303811711	0	0	0	0.00220070244898455	0	0	0.00352111948458657	0	0	0.00176056247078078	0	0	0.00616193283674639	0	0	0	0.00352111948458657	0.0246453923320014	0.000440140830859452	0.0312449159708549	0.00220070244898455	0.00264084200086232	0	0	0	0.0149642302406508	0.0132038416859831	0	0	0.00176056247078078	0	0.00132042215151534	0.000880281576453113	0	0	0.00132042215151534	0	0.00220070244898455	0	0	0	0	0	0	0	0
0.0279746904531155	0.00128932403679815	0.28964130687313	0.000128932439044534	0.0027075779192365	0.0206277274126996	0.0027075779192365	0.0131507297641222	0.000773594559251096	0.0016761209274122	0.0027075779192365	0.00477048216380292	0.00309437360745883	0	0	0.0866630108750172	0	0	0.00244971389847031	0.00567299690471863	0	0.000902526953285977	0.00373903203047546	0.000515729734744959	0.00128932403679815	0.00193398538541199	0	0.00425475766295965	0.00038679730856033	0.000128932439044534	0.00219184971481343	0.00954085576768107	0	0.000902526953285977	0.00219184971481343	0.00154718865554614	0	0.00025786487594575	0	0.0612046892876139	0	0.00025786487594575	0	0	0.0457550494298632	0.00541513598953297	0.0144399313921868	0	0.000644662152356319	0.0315831966939729	0	0.000128932439044534	0.00683336610761963	0.000128932439044534	0.000773594559251096	0.00838051046276626	0	0	0	0	0	0.00206291756725915	0.000644662152356319	0.0366086351411267	0	0.00128932403679815	0.00180505317141525	0.00399689497960008	0.000644662152356319	0	0.000515729734744959	0.0197253840427531	0.0114747352928928	0.00116039169420281	0.0137953334440231	0	0	0.000773594559251096	0.00116039169420281	0	0.00219184971481343	0	0.000902526953285977	0.00309437360745883	0	0	0.0292634869260585	0	0.00103145933231765	0.000644662152356319	0.00193398538541199	0.00128932403679815	0.00154718865554614	0.000515729734744959	0	0.00025786487594575	0.0016761209274122	0.00038679730856033	0.000128932439044534	0.000128932439044534	0.000644662152356319	0.000128932439044534	0.00154718865554614	0.00103145933231765	0.00038679730856033	0	0.000773594559251096	0.000128932439044534	0.00206291756725915	0.013408571906759	0.000128932439044534	0.00128932403679815	0.000128932439044534	0	0.00128932403679815	0	0
0.0581580531229903	0.0437670515545559	0	0.0226125240737739	0.00696353997113354	0.00620514495623521	0.00110314373654607	0	0.0040678321349702	0.00461939890490969	0.0706114674395686	6.89464974633019e-05	0	0	0.00165471518530572	0	0	0.000413678973308722	0.00351626412749501	0.0123411097886681	0.000206839491078924	0.00903186837910255	0.00861820550534545	0.00896292467222203	0.00565358267884734	0.0706114674395686	0.00916975566374778	0.00399888619827246	0	0.000206839491078924	0.0919827574244542	0.00289574884876776	0	0.000689464920555036	0	0.023301807390331	0.000344732480761601	0.000344732480761601	0.00613619977135481	0	0	0.00296469505027886	0	0.0209582009101186	0	0.00737720831901886	0.000689464920555036	0	0	0	0.00103419727841218	0.00137892951336501	0.0117895779599424	0.000620518437840274	0.00399888619827246	6.89464974633019e-05	0	0	0.000482625463889372	0.102001740231349	0	0	0	0	0.0027578564047779	0	0.00310258741069472	0.00117209018943604	0.00330942583988671	0	0.00103419727841218	0	0.00255101764128994	0.0017236615844456	0.00130998307817325	0.00468834465578106	0	0.00199944709579176	0	6.89464974633019e-05	0.00151682236375611	0	0	0.0065498704316527	0.000344732480761601	0.0752186260416841	0	0	0.0181319353003187	0.00572252806102006	0.00365415623620655	0.00261996390834937	0.000137892994598858	0.00130998307817325	0	0.00854926154776876	0.0078598197910841	0	0	0.00310258741069472	0.000413678973308722	0.000965250815362124	0.00144787594200187	0.00199944709579176	0.00792876414027661	0	0.0107554462472675	0	0	0	0.00344731804790331	0	0.000413678973308722	0	0	0	0
0.172906295155754	0.0186170461924042	0	0.0107569294952956	0	0.000413736024605055	0.00744717981779679	0	0.0368141910587719	0.00372361572282274	0.000413736024605055	0	0.000827471978387833	0	0.00289614820620166	0	0	0.0144802552376781	0.000413736024605055	0.000827471978387833	0.00455108068989523	0.000413736024605055	0.0215126145417795	0.00165494339019811	0.00124120779052617	0	0.248570116622484	0.0107569294952956	0	0	0	0	0	0.00206867870658204	0.000413736024605055	0	0	0	0.130370963267734	0	0	0.00124120779052617	0	0	0	0	0	0	0	0	0.000413736024605055	0	0	0	0	0	0	0	0	0	0	0	0	0	0	0	0.00455108068989523	0	0.00206867870658204	0	0	0	0.00206867870658204	0.00124120779052617	0.012825465510159	0	0.00206867870658204	0.00124120779052617	0	0.00661972823546779	0.00620600070927623	0	0	0.000827471978387833	0.000413736024605055	0	0	0.00124120779052617	0	0	0	0	0.000413736024605055	0.0256488219336722	0	0	0.000413736024605055	0	0	0.000413736024605055	0	0	0	0.000827471978387833	0	0	0.000827471978387833	0	0.000413736024605055	0	0.000413736024605055	0	0	0	0	0	0
0.0607985493341757	0.00553051843042715	0.452443562292963	0.0227633073907668	0.00167202494440162	0.0183912461711421	0.00360127838934149	0.00321542854288947	0.0029581950424243	0.00102893872519361	0.00257234443003183	0.00938892958135641	0	0.00180064211377597	0.00154340774736802	0	0	0.000128617362989444	0.00167202494440162	0.00463020853599167	0	0.00102893872519361	0.00655943849245691	0.00308681181818824	0.00192925925336346	0	0.0014147905248028	0.00758835161031284	0	0	0.000900321421778133	0.00668805303428428	0	0.00128617327883357	0.00475882448199415	0.00347266183059363	0	0	0.000900321421778133	0.012861381753594	0.03073471082771	0.00128617327883357	0	0	0.0272635034160084	0.00205787636103648	0.000257234723851245	0	0	0.0381900729825887	0	0.0146618541058629	0.000900321421778133	0	0	0.00270096134621853	0	0.000257234723851245	0	0	0	0.00231511047212869	0	0.012861381753594	0.000128617362989444	0.000514469430681347	0.000771704103469173	0.00038585208045776	0.000128617362989444	0	0.0014147905248028	0.0168480775106249	0.0039871276996379	0.00115755601158797	0.00102893872519361	0.00347266183059363	0.000128617362989444	0.000643086772394365	0.0164622789335133	0	0.000514469430681347	0	0	0.000643086772394365	0	0	0.00578774903738778	0	0.000128617362989444	0.000771704103469173	0.000128617362989444	0.000514469430681347	0.000128617362989444	0.000514469430681347	0	0.000643086772394365	0.00038585208045776	0	0	0.00038585208045776	0.000900321421778133	0	0	0.00038585208045776	0.000514469430681347	0	0.00102893872519361	0	0.00102893872519361	0.0172338735803131	0.00038585208045776	0.00128617327883357	0.00115755601158797	0	0	0	0
0.00712906985841336	0.163060462420543	0	0.401613965713375	0.00297563258105258	0.000991878828124151	0.000557931903358007	0	0.00874082230299437	0.00446344063808367	0.00427746510373259	0	0	0	0.104946424591108	0	0	0	0.00892679235725356	0.00204574899150841	0.000433947044839437	0.00421547322575494	0.000495939475051685	0	0.0023557104242764	0	0.0224393789844938	0.000433947044839437	0	0	0	0.000247969745149547	0	0.000805901592759229	0	0.000805901592759229	0.000123984873527736	0	0.0147536647418761	0	0	0.00123984842079974	0	0	0	0	0	0	0	0	0.00427746510373259	0	6.19924368829886e-05	0	0.000185977309696003	0.00427746510373259	0.0717257263476236	0	0.000123984873527736	0	0	0	0	0	0	0	0	0.000185977309696003	0.0016118026621042	0	0.00148781793723845	0	6.19924368829886e-05	0.000681916753299911	0	0	0.0243606182127185	0.00254168717720618	0	0.000309962179650128	0	0	0	0	0.0104765301922672	0	0	0.000991878828124151	0	0.000309962179650128	0.000309962179650128	0.00105387123260642	0.000123984873527736	0.000433947044839437	0	0.00123984842079974	0	0	0	0.00260367940896487	0	0.000433947044839437	0.000247969745149547	0.0023557104242764	6.19924368829886e-05	0	0	0	0	0	0.000433947044839437	0	0	0	0	0.0011158636330386	0
0.00440372013335452	0.00123304531023418	0.135746182598609	0.000704597440378425	0.000528448099413653	0.0663596000418918	0.000176149373758775	0.009159639401533	0	0	0	0.000528448099413653	0.000176149373758775	0.00387527654305903	0	0	0	0.00176149283575366	0	0.00563675014001821	0	0.000176149373758775	0.00123304531023418	0.0366308773671779	0	0	0	0.000176149373758775	0	0	0.00176149283575366	0.0204319058386584	0	0.00158534370794946	0.00510830964864974	0.00422757239927347	0	0.0028183862634989	0	0.00211379092192717	0	0	0.180279582130514	0.129984194779587	0.00158534370794946	0.00457986773079782	0.0035229802058766	0	0	0.0246584135050284	0.000176149373758775	0.000176149373758775	0.00440372013335452	0.00246608874575035	0	0.00422757239927347	0	0.000352298742051882	0	0	0	0.00176149283575366	0.000704597440378425	0.000352298742051882	0.0341663310208481	0	0.000704597440378425	0.00422757239927347	0.00176149283575366	0	0.00123304531023418	0.0102164860029275	0.000176149373758775	0	0.000352298742051882	0.00105689605125434	0	0.000704597440378425	0.00123304531023418	0	0.00158534370794946	0	0.000704597440378425	0.00317068343144885	0	0	0.000176149373758775	0.000528448099413653	0	0.000528448099413653	0.000352298742051882	0.000704597440378425	0.00158534370794946	0	0	0	0.00176149283575366	0.00563675014001821	0	0	0.00193764190890142	0	0.00158534370794946	0.000880746759480538	0	0	0.0169095341263166	0	0.00299453489393144	0	0	0.000176149373758775	0	0	0	0.000176149373758775	0
0.0941562991474145	0	0	0	0	0.0808907011798295	0.00629832078450186	0	0	0.00107971906320081	0.000539859610270975	0.0115167509884212	0.101141132543288	0	0	0	0.000539859610270975	0	0	0.0185341197144081	0.00125967215201801	0.000539859610270975	0.0151154942218722	0.0106170400550845	0	0	0	0.00179953115040755	0.00197948404109207	0	0	0.0138559539708673	0	0.00593842109846135	0.000539859610270975	0.00953737565502483	0	0	0	0	0	0	0	0	0	0.0116966920797365	0.0178144257435219	0	0	0	0.00107971906320081	0.000359906416559737	0.0102571532346481	0.00287924741644404	0	0.00629832078450186	0.00377900846084505	0	0.00449881512859924	0	0.0410178295803613	0	0.0210529705793207	0	0	0	0.0241113941315337	0.0215927075052829	0.00269929490454076	0	0.0286086580897812	0	0.000179953211193595	0.00305919983510923	0.000179953211193595	0.000359906416559737	0	0.00575847096408416	0	0	0.00575847096408416	0	0.000899765939418951	0.00485871761169279	0.000359906416559737	0	0	0.00485871761169279	0.0070181176625875	0.00143962520004314	0.00233938962432895	0.00413891206277809	0.00143962520004314	0	0	0.000539859610270975	0.00161957820144878	0.00071981278649986	0	0	0	0	0.00845770013771074	0.00251934230522664	0.000179953211193595	0	0	0	0.00359905647340416	0	0.00179953115040755	0	0.00107971906320081	0	0	0	0
0.179079684757191	0.0261006832358487	0	0.0885598182957047	0.000767754243193021	0.00460650962005501	0.00345488756071127	0	0	0.00921292149392405	0.0161221422613724	0.000767754243193021	0	0	0	0	0.00767746776314022	0.000383877149880892	0.00690973388388898	0.00652586538873787	0.00307101244729005	0.00652586538873787	0.0226468165061388	0.0015355080338364	0.0019193846180308	0	0.00383876216502263	0.00729360136087508	0	0	0	0.00268713688132503	0	0.00499038235764758	0	0.0118999110830535	0.0195764846895368	0	0.00345488756071127	0	0	0.0015355080338364	0	0.0207278822986083	0	0.0203440860730471	0.0011516312233677	0	0	0	0.0445150472652567	0.00652586538873787	0.00575812557017099	0	0.000383877149880892	0	0	0	0.00575812557017099	0.0284030906709451	0	0	0.000383877149880892	0	0.00921292149392405	0	0.01458681476292	0	0.00345488756071127	0	0.000383877149880892	0	0.00268713688132503	0.00230326091938289	0.0015355080338364	0.00844519711729112	0	0.00383876216502263	0	0.0609986336673349	0.00268713688132503	0	0	0	0.0019193846180308	0	0	0.00230326091938289	0.00844519711729112	0.000767754243193021	0.0015355080338364	0.00345488756071127	0.00844519711729112	0.00690973388388898	0	0	0	0	0	0.000383877149880892	0.0011516312233677	0.0019193846180308	0.0011516312233677	0.0015355080338364	0.00383876216502263	0	0.00767746776314022	0	0.000383877149880892	0	0.000767754243193021	0	0.000767754243193021	0	0	0	0
0.3071436853602	0.000403442700190559	0	0.0627613711851541	0.0149268259978027	0.0220530806220511	0.00658951659373454	0.0497374250014587	0.0473196168730681	0	0	0.0418113776083507	0	0	0.000134480903306323	0	0.010892737792325	0	0	0.0168093213646148	0	0	0.0368394343158234	0.00336201625922403	0.0496031098187906	0	0.0126408682955485	0.0220530806220511	0	0	0	0.00376545640573163	0	0.00215169279907499	0	0.0016137701440954	0	0	0.00995142262427292	0	0	0.021918632214443	0	0	0	0.0138510901832139	0.00645503855048937	0	0.000941366186946579	0	0.000672404467889575	0.0147923599400227	0.00806876666957899	0.000403442700190559	0	0.00215169279907499	0	0	0	0	0	0	0	0	0.00107584702215409	0	0.00349649637210405	0.00551368911540583	0.000806885334714377	0	0.00215169279907499	0	0.0104893181391911	0.0047068142506834	0.00268961483144081	0.011296155672772	0	0.00147928940130755	0	0	0.00121032783790481	0	0	0.00215169279907499	0	0	0	0.000134480903306323	0.000672404467889575	0.00147928940130755	0.00645503855048937	0.00282409522400855	0.000403442700190559	0.00632056039051057	0	0	0.00336201625922403	0.000268961804180543	0	0	0.000672404467889575	0	0.00215169279907499	0.00147928940130755	0	0	0.000268961804180543	0	0	0	0	0	0	0	0	0.000268961804180543	0
0.0626383196884003	0.0195053609642888	0	0.0246676072624681	0.0141991786292501	0.00774518934483026	0.00372919388079759	0.0992346410638809	0.0238072748061224	0.00788861582904393	0.01118737420802	0.0176410815365163	0.016063566183693	0.0255279214646385	0.00573720317902666	0	0.143369498354284	0.000286861728710573	0.00473320091548653	0.0103268388256914	0	0.00631091622659551	0.00745833590137939	0.00573720317902666	0.00989656822707247	0.00358576397394101	0	0.00616748815206359	0.00545034593530363	0	0.00301204363835478	0.00344233399331788	0	0.000860585091708744	0	0.00200803077905431	0.0149162569599727	0	0	0	0.00129087743838979	0.00444634220531374	0	0	0	0.00415948312926266	0.016206978381019	0	0	0.00215146133506046	0.00100401589557433	0.000717154270138863	0.00143430817143827	0.000717154270138863	0.000143430865830646	0.0107571075125504	0	0.00229489184680614	0	0	0	0	0	0	0	0	0.00286861339217112	0.00444634220531374	0.000573723433815398	0	0.00143430817143827	0	0.000860585091708744	0.00200803077905431	0.000717154270138863	0.00243832231134068	0.00616748815206359	0.000286861728710573	0	0	0.00186460018173834	0	0.0200789720677481	0.00458977160761015	0.00172116954606323	0	0	0.0051634882430913	0.000430292585689063	0.00143430817143827	0.000860585091708744	0.00114744667878492	0.00172116954606323	0.000573723433815398	0.00903602161308913	0.00100401589557433	0.00157773887497964	0.000717154270138863	0	0.00100401589557433	0.000286861728710573	0.00186460018173834	0.00186460018173834	0.000573723433815398	0.00286861339217112	0	0	0	0.000860585091708744	0	0.000860585091708744	0	0.00573720317902666	0	0	0	0
0.0613425957773132	0.0266379408161355	0	0.000213128728139249	0.0798384292706548	0.0155577696530474	0.00213128568400957	0.0921542493745427	0.00468881487395469	0.00447568838212087	0.0343069953771497	0.00937752666835088	0.00660694255486302	0	0.0208850971803546	0	0.0140660323240233	0.00468881487395469	0.0306857211761969	0.00127877202999625	0.000639386145693241	0.00383630772555518	0.00980376452169762	0.0072463133952462	0.00127877202999625	0.0866349774709509	0.00277066994189167	0.00127877202999625	0.0208850971803546	0.000213128728139249	0.0291944886338863	0.00298379778905371	0.000639386145693241	0.00255754196887642	0.000426257446597371	0.00362318047861312	0	0	0.00127877202999625	0	0	0.000639386145693241	0	0	0	0.00191815739151976	0.000213128728139249	0.0351589962998458	0.010016882785308	0	0.00213128568400957	0.0104431179380183	0.00106564344707378	0.00341005306709512	0.000639386145693241	0.00383630772555518	0	0	0.000426257446597371	0	0.00341005306709512	0	0.00511506720900879	0	0.0245073506202957	0	0.00234441387968876	0.000213128728139249	0.00191815739151976	0.000213128728139249	0.00213128568400957	0	0.000852514815745745	0.000852514815745745	0.00127877202999625	0	0	0.000639386145693241	0	0	0	0	0.00618069381133254	0.000426257446597371	0.00213128568400957	0	0	0.00596756901362264	0.000852514815745745	0	0.00170502901190027	0.00170502901190027	0.00170502901190027	0.000639386145693241	0.00127877202999625	0.000852514815745745	0.000426257446597371	0.00277066994189167	0	0.000426257446597371	0	0.000426257446597371	0.000213128728139249	0.00106564344707378	0.00468881487395469	0	0.00277066994189167	0	0.000213128728139249	0	0.00298379778905371	0	0.00170502901190027	0	0	0	0
0.0593259242251054	0.239445885282908	0	0.00161160284790144	0.00940088221198718	0.000805801685560528	0.00161160284790144	0.000268600587691545	0.0013430025508874	0.000268600587691545	0.000268600587691545	0	0.209056737800752	0	0.00053720115600456	0	0.105097847373322	0	0.000805801685560528	0.00161160284790144	0.000805801685560528	0	0.0107438169432392	0.0048347918008477	0	0	0.00671496430912742	0.00510338907487164	0.000268600587691545	0	0	0	0	0.00161160284790144	0	0.00429759622577239	0	0.000268600587691545	0.00107440215698096	0	0	0	0	0	0	0.00698355859901766	0	0	0.00510338907487164	0	0.0013430025508874	0.00966947059203604	0	0.00053720115600456	0	0	0.000268600587691545	0	0.00268600267946803	0	0.081831819244812	0.000268600587691545	0.0252457737326495	0	0	0	0.00859511308037297	0.00053720115600456	0.00053720115600456	0	0	0	0.00107440215698096	0.000805801685560528	0.00107440215698096	0.00376039941050561	0	0.000268600587691545	0	0	0	0	0	0.000805801685560528	0	0	0	0.00376039941050561	0	0.00161160284790144	0	0.00053720115600456	0.00537198598071786	0.0013430025508874	0	0	0.0013430025508874	0.00214880307373904	0	0.00456619417802241	0.000805801685560528	0	0.00053720115600456	0.000805801685560528	0	0	0	0	0	0	0.00161160284790144	0	0.00053720115600456	0	0	0.000268600587691545	0
0	0.0711437464836217	0	0	0.000393391020537864	0	0	0	0.0059008312159052	0.00078678198019593	0.00275373373450699	0.461421396472703	0	0	0.0691816231998538	0	0	0.173789474650614	0.00196695388509512	0	0.0102279884689053	0.000393391020537864	0	0.0393289634914039	0.00629421493106899	0	0	0	0	0	0	0	0	0	0	0	0	0	0	0	0	0	0	0	0	0	0	0	0	0	0.00118017281809448	0	0	0.00472067483500161	0	0	0	0	0	0	0	0	0	0	0.000393391020537864	0	0	0	0	0.00078678198019593	0	0	0	0	0	0	0	0	0	0	0	0	0	0	0.00393390016027896	0	0	0	0	0	0	0	0	0	0	0	0	0	0	0.00157356347335398	0	0	0	0	0.00078678198019593	0	0	0	0	0	0	0	0	0	0	0.00236034399243897	0
0.10348689121796	0	0	0	0	0.0064794363035754	0.00359970424894943	0.000719942342414573	0	0	0.0190773165218792	0	0.0273543998656973	0.3769020526905	0	0	0.0269945615352514	0	0	0.000719942342414573	0	0	0.0107989261785097	0.00179985503975374	0	0.160220750855987	0.00143988431167115	0.00287976563808874	0	0	0.0147582835458755	0.000359971194529682	0	0.000719942342414573	0	0.000359971194529682	0	0	0.00143988431167115	0	0	0	0	0	0	0.000719942342414573	0.000719942342414573	0	0	0	0	0.00287976563808874	0	0	0.000359971194529682	0	0	0.0755221407393939	0	0	0	0	0.00431964099405493	0	0	0	0.000719942342414573	0.00143988431167115	0	0	0	0	0.00143988431167115	0.00107991339700994	0.000359971194529682	0.00215982553461346	0	0	0	0	0	0	0	0	0.000359971194529682	0	0	0.00395967287804255	0	0	0	0.000359971194529682	0	0.00107991339700994	0	0.00107991339700994	0	0.00611947224548786	0	0	0.000359971194529682	0	0.000359971194529682	0	0.00323973515341738	0	0	0	0	0	0.00467960855034539	0	0	0	0	0	0
0.0029015503327874	0.00414506585040659	0.0772289071369161	0.000829015449082341	0.00165803032841073	0.0708216108342609	0	0.0234175487683796	0.000207253884526626	0.000621761617970208	0.000829015449082341	0.000414507760150834	0.0592399561407342	0	0.000829015449082341	0.216947034954481	0	0.000414507760150834	0.0012435229955753	0.0174084471281997	0.000621761617970208	0	0	0.00683932491842375	0.000414507760150834	0	0.000207253884526626	0	0	0.000207253884526626	0.00518132396715547	0.0140927977561457	0	0.00538857495845649	0.0194806331275653	0.00476682132580027	0	0.00186528389245101	0.000207253884526626	0.00145077669315138	0.00352330877261919	0.000207253884526626	0	0	0.00186528389245101	0.0012435229955753	0.00186528389245101	0	0.0277684519394382	0.00227979077126525	0.000207253884526626	0	0.0118131967422218	0.000207253884526626	0	0.00932628967026469	0	0	0	0	0	0.00145077669315138	0.00849730706914035	0.00227979077126525	0	0.000414507760150834	0.00186528389245101	0.00518132396715547	0.00145077669315138	0	0.0190662023340846	0.00103626924458483	0.000829015449082341	0	0.00580307623779888	0.000414507760150834	0	0.000621761617970208	0.000621761617970208	0	0.00103626924458483	0	0	0.0076683186286644	0.000207253884526626	0	0.000829015449082341	0.000414507760150834	0.00248704406823472	0.0012435229955753	0.00393781365731887	0.0012435229955753	0.000207253884526626	0	0.0358472443527293	0.000207253884526626	0.0029015503327874	0.0029015503327874	0	0.000207253884526626	0	0	0.00601032650803792	0.000207253884526626	0	0	0.00145077669315138	0.0279756253484811	0.00704657380887381	0.000207253884526626	0.000621761617970208	0.000207253884526626	0	0	0.000207253884526626	0.000207253884526626	0
0.187968481360094	0.000504744577800737	0	0.248396737422437	0.029069194743627	0.0116593360785619	0.0391077370176503	0.00267514318520417	0.00191802830106688	0.0720656088173853	0.0252345517224561	0	0	0	0.00030284675491035	0	0.0416294043844298	0	0.00499695073713785	0.010498494808441	0.00237229739125961	0.0802691150229717	0.0161006570745125	0.0021704000727063	0.00312941140740727	0	0	0.0265969045143153	0.0262437065756877	0	0	0.003684627237017	0	0.00817677139133559	5.04744599018468e-05	5.04744599018468e-05	0	0	0	0	0.000151423379191171	0.0021704000727063	0	0	0	0.000656167931916411	0	0	0	0	0	0	0	0.000201897838321464	0	0	0	0	0.00040379566841302	0	0	0	0	0	0	0	5.04744599018468e-05	0.000252372296937387	0.000858065713400094	0	0.00191802830106688	0	0	0.00787393438530937	0	0	0	0.000151423379191171	0	0	0	0	0	0	0.00156470761914003	0	0	0.000504744577800737	0	0.0249822589544066	0	0.000201897838321464	0.000201897838321464	0.00100948902700922	0	5.04744599018468e-05	0.000100948919675101	0	0	5.04744599018468e-05	0	0.0143847249910355	0.00171613079502715	0.000605693482044763	0.000353321212111758	0	0	0	0	0	0.00111043789010375	0	0	0	0	0	0
0.157805758668429	0.0926877421318214	7.32600731945417e-05	0.0120143629771933	0.00520144174726898	0.0272493748882786	0.0324485179461783	0	0.0812293239148746	0.0266635071837697	0.0199254214273972	0.00769223183330498	0.0181674987639197	0.0258579241908249	0.00417581203992514	0	0.000732600667069145	0.00065934061156813	0.000146520145995894	0.00666661728493825	0.00556773680136564	0.0182407467000084	0.0137724583740476	0.0112818119570425	0.0234410766345286	7.32600731945417e-05	0	0.0257114527379178	0	0	0.000146520145995894	0.0118678532763421	0	0.00542121886661808	0	0.00945040878023045	0	0.000219780218010867	7.32600731945417e-05	7.32600731945417e-05	0	0.0115015779166335	0	0	0	0.0046153682295608	0.0128934156568742	0	0	7.32600731945417e-05	0.00879109555653586	0.000293040288846271	0.00278387918804517	0.00344321663957206	7.32600731945417e-05	0.00131868093650131	0	0.00981669214783379	0.000805860718638267	0	0	0.00608054861109048	0	0	0	0	0.00293039873639651	0.00271061939126137	0.00329669732516512	0	0.0022710603188148	0	0	0.00835155126674146	0.000805860718638267	0.00109890087773206	0.000366300358108916	0.00146520094094914	0	0	0.0067398757122965	0	0.0049084051991569	0.00593403110843683	0.00102564084582239	0	0	0.00300365848717769	0.00190476075298032	0.00329669732516512	0.000366300358108916	0.00424907146318589	0.00256409975444337	0.000219780218010867	0.0213903101817276	0.000146520145995894	0.00344321663957206	0.0033699569914118	0	0.00424907146318589	0.00820503614073258	0.000366300358108916	0.0012454209234647	0.00139194094246051	0.0019780206881657	0	0.000366300358108916	0	0.00827829372594995	0	0.00117216090374389	0	0	0	0	0.000219780218010867	0
0.0802667781770239	0.0315785878462571	0	0.00774105908605971	0.0108373788176208	0.0311143477665687	0.00278680549638744	0.031269095209576	0.0184228624858754	0.0191968391818624	0.0226021938124312	0.00541876896053372	0.0184228624858754	0.040243046106899	0.00371573692108461	0	0.00263198333682661	0	0.0018578716669188	0.0108373788176208	0	0.0130047425793626	0.00897959754657617	0.00696696639764756	0.0162556705098534	0	0	0.00526394844124057	0	0	0	0.0128499327873221	0	0.0133143612247722	0	0.00294162758914903	0.00510912779577483	0	0	0	0	0.00913441392461096	0	0	0	0.00464466513944886	0.0185776587226894	0.00805069488862308	0	0.000774113562567507	0.00201269410481077	0.00309644961140039	0.00743142254134056	0.000154822727357948	0	0.00882478095332287	0	0.00263198333682661	0	0	0	0.0256977443967065	0.00805069488862308	0	0	0	0.0017030491844937	0.00557358934994366	0.00526394844124057	0	0.00371573692108461	0	0.00356091521798359	0.000928936234258795	0.000464468167229395	0.00108375888368344	0.000309645451004784	0.00201269410481077	0	0	0.00665732812739559	0	0.0040253800563812	0.00356091521798359	0.000619290872320672	0	0	0.000154822727357948	0.00495430702784717	0.000774113562567507	0.00232233883215116	0.00247716111417751	0.00201269410481077	0.00232233883215116	0	0.0034060934295286	0.00263198333682661	0.00247716111417751	0	0.00123858150713033	0.0222926263543778	0.00278680549638744	0.0013934041008884	0.00263198333682661	0.000154822727357948	0	0.000928936234258795	0	0.00418020148115504	0	0.000619290872320672	0	0.00108375888368344	0	0	0	0
0.0275031364188663	0.0108531233293315	0	0.000689100669018065	0.00792457537820138	0.0206141366444505	0.00298609869767275	0	0.00166532597884861	0.0218197914589314	0.0452355187220821	0.00315837306533072	0.00918788037775821	5.74250602647521e-05	0.00155047600678257	0	0	0	0.0125183361865842	0.0049959594628859	0	0.0352516854663896	0.00367519558544233	0.00258412483733089	0.00143562601426497	0.00275639940382178	0.000631675621251533	0.00338807207551392	0	0.269605841674292	0.0480462879591054	0.00815426819605385	0.211411199058709	0.000918800835466499	0	0.00189502585556632	0.00028712529753642	0	0.000344550354960667	0	0.00166532597884861	0.000746525714512194	0	0.0109679666143214	0	0.0060870188021745	0.0118867075596463	0.000746525714512194	0	5.74250602647521e-05	0.000574250571401965	0.00028712529753642	0.00166532597884861	5.74250602647521e-05	0.00143562601426497	0.00562762620433895	0	0	0	0	0.00315837306533072	0	0.000172275180036788	0	0	0	0.00149305101298553	0.00528308097126319	0.00103365090126897	0	0.00206730069815205	0	0.000803950757544554	0.00292867388850704	0.000172275180036788	0.000344550354960667	0	0.000918800835466499	0	0	0.000918800835466499	0	0	0.00189502585556632	0.000918800835466499	0	0	0	0.000229700239165338	0.000401975411248712	0.000803950757544554	0.00114850095343704	0.00223957547938325	0.000401975411248712	0	0.0208437875440318	0.00132077600281072	0.000574250571401965	0	0.000574250571401965	5.74250602647521e-05	0.00275639940382178	0.000689100669018065	0.000976225869977352	0.00453656420266392	0	0.00287124906968374	0	0.00189502585556632	0	0.00671868150691125	0	0.000114850120340137	0	0	0	0.0251495251526346
0.0332435085931954	0.100101164730457	0	0.00225127526518645	0.159338759866214	0.00614767969290665	0.157200902591274	0.000519525476672724	0.00588792164705869	0.0874286235504924	0.0298682750707193	0	0.00216468789293766	0	0.00121222586987505	0	0.00831231227780285	0	0.0268389285805032	0.0106500714207579	0.000952463272735762	0.0582405131141537	0.00207810050445942	0.00086587572520843	0.0010390508131221	0	0.00259762457890374	0.0200869685049764	0	0	0	0.00337690933217079	0	0.00519523163014399	0	0.000346350326437582	0.000173175165815521	0	0.00251103727806443	0	0	0.00121222586987505	0	0	0	0.000519525476672724	0.000173175165815521	0	0	0	0.00372325748127074	0	0	0	0	0.00744646334959213	0	0	0.00086587572520843	0	0	0	0	0	0	0	0	0.000346350326437582	0.00121222586987505	0	0.00649402310575742	0	0	0.00735987813902456	0.00311714795223811	0	0	8.65875832323519e-05	0	0	0.0129877723635998	0	0	8.65875832323519e-05	0.00121222586987505	0	0	0	8.65875832323519e-05	0.00458912580914265	0.000259762747100325	0.00337690933217079	0.00320373510311811	0	0	8.65875832323519e-05	0	0	0	0.00216468789293766	8.65875832323519e-05	0.014719357647383	0.00138540089027386	0.000173175165815521	8.65875832323519e-05	0	0	0	0.00735987813902456	0	0.000606113046272245	0	0	0	0	0	0
0.512053218903656	0.0152543260973094	0	0.0806031792959098	0.0301038431073677	0.0180640516934718	0.00160578012082724	0	0.0505605508836112	0	0	0	0	0	0	0	0	0	0	0	0	0	0.0617832475279762	0	0.0457487931025753	0	0	0.0164585102479617	0.000802890319198071	0	0	0.00200722466581394	0	0.000401445191947127	0	0	0	0	0	0	0	0.0284987515566602	0	0	0	0	0	0	0	0	0.00321155610112127	0	0	0	0	0	0.000401445191947127	0	0	0	0	0	0	0	0	0	0	0	0.000401445191947127	0	0	0	0.0104373857635111	0.00281011272065545	0	0	0	0	0	0.000401445191947127	0	0	0	0	0	0	0	0.000401445191947127	0	0.000401445191947127	0	0	0	0.00321155610112127	0	0	0	0	0	0	0	0	0	0	0	0	0	0	0	0	0	0	0	0	0	0	0
0.192866018599937	0.045646247537748	0.0418447128069484	0.00494670737519204	0.0251115159968343	0.0330989789441486	0.0197856192574674	0.0197856192574674	0.0175029114862868	0.0197856192574674	0.00570773156575742	0.00570773156575742	0.000380517494622428	0	0.0220682239489678	0.0642632170535115	0	0	0.0460263656615288	0.000380517494622428	0	0.00570773156575742	0.0175029114862868	0.00418568031971568	0.0201660608518527	0.000761034934148385	0	0.0129372342378302	0	0	0.000761034934148385	0.00913229315377961	0	0.000380517494622428	0.00114155226348147	0	0	0	0	0.00532721985613368	0	0.00761027661603394	0	0	0.00418568031971568	0	0	0	0	0.00228310303936213	0.00114155226348147	0.0361412944290104	0	0	0.000380517494622428	0.00190258637118424	0	0	0	0	0	0.0578064609798797	0	0.00380516585536357	0	0	0	0	0	0	0	0.00875179086487475	0.0129372342378302	0.000380517494622428	0	0	0.0513472967969118	0	0.000380517494622428	0	0	0	0.00761027661603394	0	0.00722976958931115	0	0.0186442775143083	0	0	0	0	0	0	0.00152206942752544	0	0	0	0	0	0.0034246508400586	0	0.000761034934148385	0.000761034934148385	0	0	0	0	0	0	0.00114155226348147	0.00456619417802241	0	0	0	0.000761034934148385	0	0
0.15064668961402	0.00862005957952217	0.106578905432322	0.0342918279507038	0.027556762320392	0.00267103427918007	0.0156006541311114	0.0382957441107293	0.00528134496197106	0.0146901776381108	0.00412795525285126	0.000182116189122616	0	0	0.000667759314181517	0	0.0353838622825269	0	0.0136582895993107	0.00254962389946945	0	0.0133547903005235	0.0183320030064763	0.00030352697888825	0.00661683995754806	0	0.0125049858091588	0.0180892216776953	0	0	6.07053966724828e-05	0.000849875451627561	0	0.000485643154588376	0.0447249651579659	0.00254962389946945	6.07053966724828e-05	0	0.0105625426206654	0.0114730682740158	0	0.00455288902389643	0	0	0.0109874557278634	0.00030352697888825	0.0013962236706821	0	0.000849875451627561	0.0149329725913534	0.000910580824810697	0.0106232446116671	0	0.000182116189122616	0	0.000667759314181517	6.07053966724828e-05	0	0.000728464696089264	0	0	0.0126263870179662	0.000546348543207365	0.000182116189122616	0.00030352697888825	0.0970369822027908	0.000121410793121257	0.000607053929812981	0.000607053929812981	0	0.00030352697888825	0.00285314977436383	0.00862005957952217	0.00339949566799114	0.00115340228174998	0.00127481298561176	0.000789170075312514	0.000485643154588376	0.000121410793121257	0.000242821584452849	0.000546348543207365	0	0	0.000121410793121257	0.000728464696089264	0	0.00813443345091396	0.000242821584452849	0	0.000485643154588376	0	0.00163904497728986	0.000789170075312514	0.00333879061582635	0.000121410793121257	6.07053966724828e-05	6.07053966724828e-05	0.000728464696089264	6.07053966724828e-05	0.00036423237220511	0.000121410793121257	0.00327808555135782	0.000667759314181517	0.000849875451627561	0.000182116189122616	0	0	0	0.00121410763591795	0.000728464696089264	0.000607053929812981	0.025978987456335	0	0	0.0348378503077016	0	0
0.043786329217071	0.143468670403773	0	0.0115939431547635	0.0183564570081983	0.0151362980265417	0.000644122338712446	0.0122380197999224	0.0553662338318583	0.00644117929297921	0.0209324487694104	0.00483089908412044	0	0	0.0019323659471702	0	0.00257648668243543	0	0.00483089908412044	0.00161030526218941	0.00611912445373646	0.00676323346415788	0.00772939163532543	0.00708528693387374	0.0405685812012059	0	0.00257648668243543	0.0019323659471702	0.171143976627284	0	0.00869554259160296	0.00289854666591085	0	0.00225442643172042	0	0.0125600562355201	0.000322061186058862	0.000322061186058862	0.00386472467885938	0	0.0041867832593378	0.016102363719071	0	0	0	0.0041867832593378	0	0	0	0	0.00547501290465673	0.0051529562616202	0	0.000644122338712446	0.0122380197999224	0.00837349313015808	0	0.000322061186058862	0.00128824441018286	0	0	0	0	0	0.0173904277788171	0	0	0.000966183424555506	0	0	0	0	0.00161030526218941	0.00354266569752654	0.00128824441018286	0.0177124393694894	0	0.000322061186058862	0	0	0	0	0	0	0.000644122338712446	0	0	0.000322061186058862	0.000322061186058862	0.000644122338712446	0	0.000966183424555506	0.0144922463283635	0.00225442643172042	0	0.000644122338712446	0	0	0	0.0051529562616202	0.00611912445373646	0.000644122338712446	0.000644122338712446	0	0.000644122338712446	0	0	0	0	0	0.0019323659471702	0	0.00128824441018286	0	0	0.00772939163532543	0
0.117606305790034	0.170710201042268	0	0.0608608233927183	0.00180886244438285	0.00663245061994471	0.00964712199223839	0	0.108020136559625	0.00331624354476794	0.00753685960723006	0	0.00211033910286897	0.0975239612509221	0.184065895749103	0	0	0	0.00180886244438285	0.00482361711006422	0.00391919406689228	0.00391919406689228	0.0162790518558862	0.000301477233901692	0.0111544265139826	0	0	0.00723539059323811	0	0	0	0.00211033910286897	0	0.00422066880735031	0	0	0	0	0	0	0	0	0	0	0	0	0.000301477233901692	0	0	0	0.00391919406689228	0	0	0	0	0.000301477233901692	0.00331624354476794	0.0346629406406045	0.000301477233901692	0	0	0.00180886244438285	0	0	0	0	0	0	0.00211033910286897	0	0	0	0	0.00542656365918724	0.000301477233901692	0	0.000602954440402568	0.000602954440402568	0	0	0	0	0	0	0.0141689561116011	0	0	0.00120590866159874	0	0.000602954440402568	0	0	0	0	0	0	0	0	0	0.00391919406689228	0.00120590866159874	0	0.000904431592101835	0	0	0	0	0	0	0	0.00241181556955064	0	0	0	0	0	0
0.148683986776242	0.0674248031547765	0	0.0189206847078422	0.00892526529272252	0.0203484707666964	0.00821126081409634	0.0178498196946924	0.0513875912498177	0.0135661672376654	0.0153510571888279	0.00464118290926927	0.0035701459324509	0	0.000357015344075928	0	0.00107104585020724	0.000357015344075928	0.00892526529272252	0.00321313263608948	0.000714030642646706	0.0128521988379181	0.0153510571888279	0.0167789342140207	0.0192776349518466	0	0.00249910486024968	0.0103532602361624	0.017135898239345	0	0.00642623209968579	0.00214209047177825	0	0.000714030642646706	0	0.00107104585020724	0.000357015344075928	0	0.0035701459324509	0	0	0.00999626336574686	0	0	0	0.00142806092125253	0.0210623484247194	0.0795305569878602	0	0	0.00142806092125253	0.000357015344075928	0.00606922371769546	0.0035701459324509	0.0035701459324509	0.0132091838794169	0	0.000357015344075928	0.000714030642646706	0	0	0	0.025702275375725	0	0.0121382238870532	0	0.00107104585020724	0.00464118290926927	0.000357015344075928	0	0.000714030642646706	0	0.00285611893018799	0.000714030642646706	0.000714030642646706	0.000357015344075928	0	0.000357015344075928	0	0	0.00321313263608948	0	0	0.00392715877376942	0	0	0	0.00142806092125253	0.000357015344075928	0.00249910486024968	0.00285611893018799	0.00321313263608948	0.000357015344075928	0.00321313263608948	0.00142806092125253	0.0035701459324509	0.00285611893018799	0	0	0.00678323966263399	0.00392715877376942	0.000714030642646706	0.000714030642646706	0.00142806092125253	0.000714030642646706	0	0	0	0.00642623209968579	0	0.00214209047177825	0	0	0	0	0.00142806092125253	0
0.234133321592436	0.149802055296392	0	0.0343859287067786	0.00137216670821476	0.00447059417343358	0.0216431402888736	0.0308909791507004	0.0111984203338633	0.0328818221726786	0.0205367999949645	0.0001327903678817	0	4.42634560761977e-05	0.0520745490258321	0	0.0192534138567292	0	0.0219086580692401	0.00137216670821476	0.000531161448111502	0.0187223481278788	0.0555663018873575	0	0.0177487140203451	0	0	0.0283690699435404	8.8526912065672e-05	0	0.00553290378146862	0.00181480070354171	0	0.00199185420697105	0	0.000619688345607658	0.0001327903678817	0	4.42634560761977e-05	0	4.42634560761977e-05	0.00606405631898375	0	0	4.42634560761977e-05	8.8526912065672e-05	0.0001327903678817	0	0	0	0.00327548989367383	0	0.0001327903678817	0	0.0011065861764244	0.0011065861764244	0	0	0.000486897997759043	0	0	0	0	0	0.00141643012127625	0	0.000221317278646522	0.000619688345607658	0.000221317278646522	0	0.000265580733421869	0	0.00331975310909474	0.0101804190485855	0.00433780509311446	0	0.000309844187676877	0.000265580733421869	0	0.0130130888137565	4.42634560761977e-05	0	0.00473617209524306	4.42634560761977e-05	0.00730340532784039	0	0	0.0011065861764244	4.42634560761977e-05	0.00106232274636518	4.42634560761977e-05	0.00349680590486977	0.0011065861764244	0.00314270020925343	0	0.0170848628815249	8.8526912065672e-05	0	0	0.00393943740259556	0	0.0001327903678817	0.000309844187676877	0.000309844187676877	0.00256727763313899	0	4.42634560761977e-05	4.42634560761977e-05	0	4.42634560761977e-05	0.00677225701522212	0	0.00420501593630753	0	0	8.8526912065672e-05	0
0	0.445291172446369	0	0.00144343944406263	0.0257511613224853	0.0341800798527512	0	0	0.00653341853503905	0	0.00121552807566497	0	0	0	0.00501403353756405	0	0	0	0.0105597065090635	0.000759705161291512	0.000607764150079541	0	0	0.00068373465765862	0.0076729475772274	0	0	0	0.00121552807566497	0	0.000455823124836685	0.0151935201275367	0	0.0116991937271387	0	0.000759705161291512	0	0	0	0	0	0.00957213977645752	0	0	0	0.00341866689550212	0.000379852608049837	7.59705233638289e-05	0.0480708254849581	0	0.0231689367465086	0	0.00205120269441336	0	0.000303882089070662	0	0	0	0.00592566614951902	0	0	0	0	0	0	0	0	0.000531793638992742	0.00281090566558048	0	0	0	0	0	0.00835666031486878	0	0	0.00296284607916802	0	0	0.00227911373001738	0.080063338629355	0	0	0.000531793638992742	0	0	0.00706519990049658	0	0.000151941046289192	7.59705233638289e-05	0.000911646154964882	0	0	0	0	7.59705233638289e-05	0.00509000309149938	0	0.0107876050968647	0.00197523232495043	0	0.00106358712759194	0.00189926194408746	0	0	0	0	0.000151941046289192	0	0	0	0	0	0	0.0291685447047314	0
0.124411865446401	0.00291205179574972	0.099621585699338	0.0171802847034991	0.00330032404173546	0.0289223895998944	0.0235854661576743	0.000679479660392026	0.00805660086405465	0.00223257434412635	0.0143656483805905	0.00718300947949782	0	0	0.00106775363131634	0.0130068163251979	0.0031061879772767	0	0.00495047482909986	0.000485342632857903	0.00174723265788559	0.000873616662317122	0.011065586637186	0	0.00893018610029885	9.70685302300152e-05	0	0.0219357286657116	9.70685302300152e-05	0	0.00863899174584155	0.00407686698255823	0	0.00504754214658138	0.0427941589264733	0	0	0	0	0.0158215103701631	0.0234884245085156	0.00407686698255823	0	0	0.0128126954412301	0	9.70685302300152e-05	0	0	0.00660061213656862	9.70685302300152e-05	0.00786246995313172	0	0	0	9.70685302300152e-05	0	0	0.000388274111773974	0	0	0.00485340746497502	0	0.00834779665886468	0	0.0147538813488317	0	0	0	0.000291205587031611	0.000194137059545422	0.00504754214658138	0.000970685151389769	0.00495047482909986	0	0.0298926552913692	0.000582411149368789	0	0.00660061213656862	0	0	0	0.00378566364269422	0	0	0	0.00786246995313172	0.00116482210118223	0	9.70685302300152e-05	0	0	0	0.000485342632857903	0.000388274111773974	0.000873616662317122	0	0	0.055882383660533	0.00116482210118223	0	9.70685302300152e-05	0	0.000194137059545422	0.00582407889753371	0.00640647918165708	0	0.0219357286657116	0	0.00106775363131634	0.0019413693881727	0.0229061700012987	0.000291205587031611	0.000582411149368789	0.00436806997670876	0	0
0	0	0	0.000274574406214941	0.0419975377614949	0.0159246426857479	0	0	0.000274574406214941	0.218734847871621	0.111520480964905	0	0	0	0	0	0.00356945974586714	0.000823723135842978	0.203426558345569	0.0112573130269933	0.0013728716170657	0.0661242350997748	0	0.00411860450105061	0	0	0	0	0	0	0.000549148791729417	0.00356945974586714	0	0.00768800773652064	0	0.000823723135842978	0.119702945648822	0	0	0	0	0.00192201968428032	0	0	0	0.00274574064658381	0.000274574406214941	0	0	0	0	0	0.00439317642324318	0.00219659351088401	0	0	0	0	0.00274574064658381	0	0	0	0	0	0	0	0	0.00164744571277416	0.00988451778817427	0	0.00164744571277416	0	0	0	0.00604060027680212	0	0	0.0010982974178552	0	0	0.0010982974178552	0	0	0	0.0107081973323133	0	0	0.00796257373873168	0.000274574406214941	0.000274574406214941	0	0.000823723135842978	0	0	0	0.000274574406214941	0	0.0013728716170657	0	0	0.0107081973323133	0.00274574064658381	0.000549148791729417	0.00164744571277416	0.00988451778817427	0	0	0	0.00164744571277416	0	0.0013728716170657	0	0	0	0	0	0
0	0	0.326028394823619	0	0	0.00423055321872507	8.81367881813254e-05	8.81367881813254e-05	0	8.81367881813254e-05	0	0.00123391472302083	0.00141018814533635	0	0	0.138286140881237	0	0.000528820705125037	0	0.00370173665434281	0	0	0	0.00141018814533635	8.81367881813254e-05	0	0	0	0	0	0	0.00132205143931349	0	0.000264410361805357	0.0197413582821292	0.000793231011473375	0	0	0	0.0590173820951787	0	0	0	0	0.0446704938714575	0.000176273575677996	0.00220341792443453	0	0.00282037348633916	0.00149832484040477	0	0	0.000264410361805357	0	0	0.000528820705125037	0	0	0	0	0	0.00141018814533635	0.000969504519370586	0.0434377753165318	0	0.000705094247939612	0	0.00220341792443453	0.000528820705125037	0.000616957478928615	0.000264410361805357	0.0150708202870825	0.00167459819493969	0	0.00317291905478397	0	0	0.000352547145878754	0.0365686162837983	0	0.000528820705125037	0	0	0.000176273575677996	0	0	0.000352547145878754	8.81367881813254e-05	8.81367881813254e-05	0.000264410361805357	0.000352547145878754	0.000264410361805357	0.000264410361805357	0	0	0	8.81367881813254e-05	0.00132205143931349	0.0103118214806371	0	0.000352547145878754	0	0.000352547145878754	0.000264410361805357	0	0.00440682515125454	0	0.00775595960992299	0.000528820705125037	0.0177145679434711	0	0.00185087149744106	8.81367881813254e-05	0.0444943953303173	0.00229155449010389	0	0
0.0582522658384287	0.000217888657171244	0.000653665930136276	0	0	0.0828119506852919	0.00522930398036137	0	0	0	0	0.000108944329232145	0	0	0	0	0	0.127986717262635	0	0.0389921886304734	0.0347462491367216	0	0.00512036110965552	0.113169326697381	0.000108944329232145	0	0.00130733158097494	0.00555613221492548	0	0	0	0.0365971247569393	0	0.0227673978734138	0.000108944329232145	0.0335485599321747	0	0	0.000653665930136276	0.000217888657171244	0	0	0	0.000108944329232145	0.000217888657171244	0.000217888657171244	0.000108944329232145	0	0	0	0	0.000108944329232145	0.000108944329232145	0.101579225409608	0	0.00119838733708371	0	0	0.00076261023221447	0	0	0	0	0.000217888657171244	0	0	0	0.0030504364937307	0.00904225612423068	0.00686343886930936	0.000217888657171244	0	0.000435777303998122	0.00076261023221447	0.00729920525782697	0	0	0.0161230622090786	0	0	0.00108944307896901	0	0	0	0	0.000108944329232145	0	0	0.000108944329232145	0.00196099667321945	0.00206994078134145	0.0044667026544861	0.000871554525241352	0.00119838733708371	0	0	0	0	0	0	0.00098049880792388	0	0.00795285221593507	0.0234208895642658	0	0	0.00152522002091483	0	0	0.000108944329232145	0	0	0	0	0	0	0
0.0526267980902333	0	0	0.000741564633553569	0.0159429656818346	0.0418861566993046	0.278192410386166	0	0.12904458945525	0.0266931592190306	0.030770079376059	0.0148307503509778	0	0	0	0	0	0	0.000741564633553569	0.00111234682289298	0.000741564633553569	0.0303994703800336	0.00148312885930771	0.00370781501182171	0.0537375738865238	0	0	0.0233571642620668	0.00593248281378536	0	0	0.00704480639283245	0	0.00222469226946502	0.000370782342264272	0	0	0	0	0	0	0.0248398629784075	0	0	0	0	0	0	0.00370781501182171	0	0.00148312885930771	0	0	0.000370782342264272	0	0	0.00111234682289298	0	0.00148312885930771	0	0	0	0.000741564633553569	0	0	0	0	0.00296625445623213	0.00222469226946502	0	0.000370782342264272	0	0	0.00593248281378536	0.000370782342264272	0	0	0.00259547354125922	0	0	0.000370782342264272	0	0	0.000370782342264272	0.00222469226946502	0	0	0.0122355122809406	0	0.000370782342264272	0	0.000741564633553569	0	0	0	0	0	0.000741564633553569	0	0	0	0.00259547354125922	0	0.000741564633553569	0	0	0	0	0	0	0.000370782342264272	0	0	0	0	0	0
0.0393359734628447	0.174751417865657	0	0.000636897557960674	0.0277368722207278	0.0204500642159684	0.0317687695843894	0.0275246540358897	0.00120302851173879	0.0273831745569035	0.0299297186003469	0	0.139032226948054	0	0.000778430322630022	0	0.0174076552511712	0	0.00332601467304875	0.014011288777393	0.000141532799753933	0.0217943258365071	0.00601510773693404	0.00976560799526682	0.00148609385537752	0	0.000566131170664545	0.0086333935643853	0	0	7.07664000541612e-05	0.00530745509076944	7.07664000541612e-05	0.00339678067335452	0	0.00375061041263964	0.000283065596672746	0	0.000212299198744924	0	0	0.000778430322630022	0	0	7.07664000541612e-05	0.00629816797184058	0.0116761907076868	0	0.000141532799753933	0	0.00452903412385931	0.000778430322630022	0.000778430322630022	0	0.000141532799753933	0.0122422814184624	0	0	7.07664000541612e-05	0	7.07664000541612e-05	0	0	0	0	0	0.00268911996329957	0.0050243932682732	0.00198145790657819	0	0.00318448262282345	0	0.000141532799753933	0.000566131170664545	0.000212299198744924	0.000990729439510934	0	0.00120302851173879	0	0	0.00169839278620421	0	7.07664000541612e-05	0.00530745509076944	0.000778430322630022	0	0	0.000707663942067296	7.07664000541612e-05	0.00212299040864556	0.00459979978679404	0.00169839278620421	0.00283065222438397	7.07664000541612e-05	0	7.07664000541612e-05	0.00467056542669416	0.0100486597037144	0	0.00495362774886144	0.000141532799753933	0.00827957421692599	0.00169839278620421	0.00106149580235419	0	0	0.00134456119702493	0	0.00183992536481938	0	7.07664000541612e-05	0	0.0319102306750833	0	0	7.07664000541612e-05	0
0.0905103039754673	0.0045400886572054	0	0.00302673154812809	0.0898404214037165	0.0109296630056763	0.000672607986951238	0.0322795797834502	0.00655788136264516	0.0201768720806054	0.0225304630545263	0	0.00201782274370046	0.000336304012493673	0.000336304012493673	0	0.0705652665893293	0.00184967104887344	0.0131154807195272	0.00823935523694256	0.00168151930174703	0.0205131065086139	0.01076152088557	0.0220261321921881	0.00504453888742472	0.0267329852509872	0	0.00554898783397435	0	0	0.0250520288612818	0.00487638894697627	0	0.000672607986951238	0	0.00924822868425483	0.00588528635513864	0	0	0	0	0.00319488274373611	0	0	0	0.00353118485919467	0.00420378785396286	0.0371530461304448	0	0	0.00386748657528151	0.000504456006854224	0.00269042890492615	0.00100891188533663	0.01076152088557	0.00672602966287063	0	0	0.000336304012493673	0	0	0	0.0190000338706511	0	0.000672607986951238	0	0.00336303384900973	0.00269042890492615	0.00319488274373611	0.000168152008624093	0.00151336750707569	0	0.00521268868524318	0.00588528635513864	0.00622158421070552	0.000504456006854224	0	0.0045400886572054	0	0	0.00168151930174703	0	0.0100889494103052	0.00941637337140481	0.000672607986951238	0	0	0.000336304012493673	0.000840759948030207	0.00403563727167497	0.000504456006854224	0.00756676821641317	0.00336303384900973	0.00201782274370046	0	0.00672602966287063	0.0073986209145608	0.00638973287700558	0	0.000504456006854224	0.000504456006854224	0.00285858026694	0.000504456006854224	0.0045400886572054	0.00420378785396286	0	0.000168152008624093	0	0.000168152008624093	0	0.00201782274370046	0	0.000168152008624093	0	0	0	0
0	0.000378644443810955	0.00151457723237572	0	0.0117377085119787	0.0401255437189908	0.000378644443810955	0	0.000378644443810955	0	0	0.000757288833335057	0	0	0	0	0	0.00265050806662181	0.00416507693890327	0.0261234958723497	0.376501718868292	0	0	0.0344498306819082	0.00340779347990875	0	0	0	0	0	0	0.0117377085119787	0	0.00643691124752972	0.0155237990506103	0.00302915099040974	0	0.00833008162480381	0	0	0.00113593311428553	0.00265050806662181	0.00113593311428553	0	0	0.00113593311428553	0.000757288833335057	0	0	0	0.0056796362569608	0.000757288833335057	0.0056796362569608	0	0	0.000757288833335057	0.000757288833335057	0	0.00984459675692749	0	0	0	0	0	0	0	0.00189322113331921	0.00113593311428553	0.0166595852932596	0	0.00265050806662181	0.000378644443810955	0.000378644443810955	0	0.000757288833335057	0	0	0.0196882395758596	0	0	0.0109804684778008	0	0	0	0	0.00151457723237572	0	0	0.00113593311428553	0.00681554738572386	0.00227186476282984	0.00227186476282984	0.00340779347990875	0	0	0	0	0	0	0	0	0	0.00605827418651626	0.00113593311428553	0	0	0	0	0	0	0	0.00113593311428553	0	0	0	0	0
