"feature","Sample.type","age.quant","mean","sd","median","incidence"
"Lachnospiraceae.Otu2512","control","[3.18,6.27]",0.0101861396815898,0.0107939023538115,0.00984032648920607,0.75
"Lachnospiraceae.Otu2512","control","(6.27,8.71]",0.000220070422535211,0.000311226576226473,0.000220070422535211,0.5
"Lachnospiraceae.Otu2512","control","(8.71,15.3]",0.00853447729515455,0.00684412109389095,0.0118869874813369,1
"Lachnospiraceae.Otu2512","control","(15.3,26.4]",0.00893352325881746,0.00661783741752226,0.00868602571744869,1
"Lachnospiraceae.Otu2512","patient","[3.18,6.27]",0.000238976066329512,0.000165458354706065,0.000288025824066757,0.75
"Lachnospiraceae.Otu2512","patient","(6.27,8.71]",0.000334060708467775,0.000488390431347409,6.63951841359773e-05,0.5
"Lachnospiraceae.Otu2512","patient","(8.71,15.3]",0.000189322226429383,0.000378644452858766,0,0.25
"Lachnospiraceae.Otu2512","patient","(15.3,26.4]",0.00141017005456634,0.00233210510879984,0.000173175166681098,0.777777777777778
"Lachnospiracea_incertae_sedis.Otu1990","control","[3.18,6.27]",0.00411357484477384,0.00317008144499518,0.00439295279835597,0.75
"Lachnospiracea_incertae_sedis.Otu1990","control","(6.27,8.71]",0.00348388680187491,0.00378738416935713,0.00348388680187491,1
"Lachnospiracea_incertae_sedis.Otu1990","control","(8.71,15.3]",0.00327772609990389,0.00250103292414268,0.00309437854564208,1
"Lachnospiracea_incertae_sedis.Otu1990","control","(15.3,26.4]",0.00346495839304268,0.00206218416698876,0.00356092274345874,1
"Lachnospiracea_incertae_sedis.Otu1990","patient","[3.18,6.27]",0,0,0,0
"Lachnospiracea_incertae_sedis.Otu1990","patient","(6.27,8.71]",6.91743011417926e-05,0.000148814180473196,0,0.333333333333333
"Lachnospiracea_incertae_sedis.Otu1990","patient","(8.71,15.3]",0.000111607142857143,0.000223214285714286,0,0.25
"Lachnospiracea_incertae_sedis.Otu1990","patient","(15.3,26.4]",0.00147186269477882,0.00306030202285584,0.000121410793419535,0.666666666666667
"Lachnospiracea_incertae_sedis.Otu0113","control","[3.18,6.27]",0.00785423304540528,0.0094507260429059,0.00491127336092032,0.75
"Lachnospiracea_incertae_sedis.Otu0113","control","(6.27,8.71]",0.00246930481627341,0.0027324071637224,0.00246930481627341,1
"Lachnospiracea_incertae_sedis.Otu0113","control","(8.71,15.3]",0.00371512686165027,0.00267022650837983,0.00399690562145436,1
"Lachnospiracea_incertae_sedis.Otu0113","control","(15.3,26.4]",0.00418925291979812,0.00128772695105606,0.00422758499207328,1
"Lachnospiracea_incertae_sedis.Otu0113","patient","[3.18,6.27]",0.000544810030512115,0.000776662186472843,0.000265896832029173,0.5
"Lachnospiracea_incertae_sedis.Otu0113","patient","(6.27,8.71]",0.000879700716696935,0.00115554532019904,0.000436030342442758,0.666666666666667
"Lachnospiracea_incertae_sedis.Otu0113","patient","(8.71,15.3]",0.000525529233363881,0.000610773115270778,0.000483091787439614,0.5
"Lachnospiracea_incertae_sedis.Otu0113","patient","(15.3,26.4]",0.00141998045873746,0.00191929461301139,0.000385852090032154,0.777777777777778
"Ruminococcus.Otu1859","control","[3.18,6.27]",0.0410396058410921,0.0484894694772045,0.0314223824577825,0.75
"Ruminococcus.Otu1859","control","(6.27,8.71]",0.10529143164115,0.148904570628593,0.10529143164115,0.5
"Ruminococcus.Otu1859","control","(8.71,15.3]",0.00758887628742839,0.00733330759129191,0.00660699062233589,0.714285714285714
"Ruminococcus.Otu1859","control","(15.3,26.4]",0.031898163447953,0.0606399753932158,0.00141018861272695,0.8
"Ruminococcus.Otu1859","patient","[3.18,6.27]",0.000622714543271161,0.00100784220019991,0.000190258751902588,0.5
"Ruminococcus.Otu1859","patient","(6.27,8.71]",0.00455963522918167,0.0111687797247133,0,0.166666666666667
"Ruminococcus.Otu1859","patient","(8.71,15.3]",0,0,0,0
"Ruminococcus.Otu1859","patient","(15.3,26.4]",0.000556665085481046,0.000911956757384908,0,0.333333333333333
"Lachnospiraceae.Otu2612","control","[3.18,6.27]",0.00426799317438281,0.00321674018456689,0.00501267028658946,0.75
"Lachnospiraceae.Otu2612","control","(6.27,8.71]",0.00110035211267606,0.00155613288113237,0.00110035211267606,0.5
"Lachnospiraceae.Otu2612","control","(8.71,15.3]",0.00209628493967508,0.00283619408291151,0.00136394635144351,0.857142857142857
"Lachnospiraceae.Otu2612","control","(15.3,26.4]",0.00216417137612411,0.0014422104773398,0.00183992640294388,1
"Lachnospiraceae.Otu2612","patient","[3.18,6.27]",0.000449846876215982,0.000801606109737232,7.59705234369065e-05,0.5
"Lachnospiraceae.Otu2612","patient","(6.27,8.71]",6.39795265515035e-05,0.000156717194036032,0,0.166666666666667
"Lachnospiraceae.Otu2612","patient","(8.71,15.3]",0.000223214285714286,0.000446428571428571,0,0.25
"Lachnospiraceae.Otu2612","patient","(15.3,26.4]",0.00113165327452441,0.00238157663195226,0.000168152009416513,0.555555555555556
"Bacteroides.Otu2481","control","[3.18,6.27]",5.18134715025907e-05,0.000103626943005181,0,0.25
"Bacteroides.Otu2481","control","(6.27,8.71]",0,0,0,0
"Bacteroides.Otu2481","control","(8.71,15.3]",0.0390618267413985,0.103105881014009,0.000128932439401753,0.571428571428571
"Bacteroides.Otu2481","control","(15.3,26.4]",0,0,0,0
"Bacteroides.Otu2481","patient","[3.18,6.27]",0,0,0,0
"Bacteroides.Otu2481","patient","(6.27,8.71]",0,0,0,0
"Bacteroides.Otu2481","patient","(8.71,15.3]",0,0,0,0
"Bacteroides.Otu2481","patient","(15.3,26.4]",0,0,0,0
"Bacteroides.Otu2375","control","[3.18,6.27]",0.000943308827530619,0.00145020073267752,0.000357015351660121,0.5
"Bacteroides.Otu2375","control","(6.27,8.71]",0.00040290088638195,0.000569787897813495,0.00040290088638195,0.5
"Bacteroides.Otu2375","control","(8.71,15.3]",0.00256203220492549,0.00265463245399473,0.00172366243794815,1
"Bacteroides.Otu2375","control","(15.3,26.4]",0.000333076359703702,0.000405504297775952,0.000170314229753896,0.6
"Bacteroides.Otu2375","patient","[3.18,6.27]",0.00145177694905952,0.00265593991732663,0.000190258751902588,0.5
"Bacteroides.Otu2375","patient","(6.27,8.71]",0.00456171747063476,0.0040609121562748,0.00411789028400789,0.833333333333333
"Bacteroides.Otu2375","patient","(8.71,15.3]",0.00169980452460697,0.00174061711472357,0.00162827249526868,0.75
"Bacteroides.Otu2375","patient","(15.3,26.4]",0.0033494872555879,0.00249948983352418,0.00339950221574698,1
"Bacteroides.Otu0006","control","[3.18,6.27]",0.00303824432994797,0.00495003127579215,0.000899766060824186,0.5
"Bacteroides.Otu0006","control","(6.27,8.71]",0.00893374786727348,0.00541691402441559,0.00893374786727348,1
"Bacteroides.Otu0006","control","(8.71,15.3]",0.00653023268943943,0.00864860985554116,0.00399889685603971,1
"Bacteroides.Otu0006","control","(15.3,26.4]",0.00317238447041982,0.00371334326036977,0.00178829941241591,0.8
"Bacteroides.Otu0006","patient","[3.18,6.27]",0.00504326221315496,0.00627150123735164,0.00361772686162195,0.5
"Bacteroides.Otu0006","patient","(6.27,8.71]",0.0147509399128107,0.0127607822001091,0.015326477062379,0.833333333333333
"Bacteroides.Otu0006","patient","(8.71,15.3]",0.0052675479725632,0.00754602678483743,0.00230546928916494,0.75
"Bacteroides.Otu0006","patient","(15.3,26.4]",0.0124506187982919,0.00820408901274319,0.0107571369466281,1
"Bacteroides.Otu0001","control","[3.18,6.27]",0.0616073636431126,0.0730034301173138,0.0485985187892599,0.75
"Bacteroides.Otu0001","control","(6.27,8.71]",0.0512472667052544,0.0114741706687331,0.0512472667052544,1
"Bacteroides.Otu0001","control","(8.71,15.3]",0.0588079638571681,0.0478927255876958,0.0581908439051296,1
"Bacteroides.Otu0001","control","(15.3,26.4]",0.0279543515573683,0.0330242324296808,0.0156689091373584,0.8
"Bacteroides.Otu0001","patient","[3.18,6.27]",0.0779853817954553,0.0952698925563754,0.0589388001205909,0.5
"Bacteroides.Otu0001","patient","(6.27,8.71]",0.126952807211977,0.0903430948828087,0.141855046989715,0.833333333333333
"Bacteroides.Otu0001","patient","(8.71,15.3]",0.149988475881473,0.257113669191458,0.0326144467448815,0.75
"Bacteroides.Otu0001","patient","(15.3,26.4]",0.112427662343206,0.092649361863958,0.0906339330755003,1
"Lachnospiraceae.Otu0578","control","[3.18,6.27]",0.000362694300518135,0.000725388601036269,0,0.25
"Lachnospiraceae.Otu0578","control","(6.27,8.71]",0.000660211267605634,0.00093367972867942,0.000660211267605634,0.5
"Lachnospiraceae.Otu0578","control","(8.71,15.3]",0.00250535358815843,0.00383839937326041,0.000773594636410521,0.714285714285714
"Lachnospiraceae.Otu0578","control","(15.3,26.4]",0.00581241265280584,0.00737036291294548,0.0013445616021513,0.8
"Lachnospiraceae.Otu0578","patient","[3.18,6.27]",0,0,0,0
"Lachnospiraceae.Otu0578","patient","(6.27,8.71]",0.00128696777371185,0.00313077984935938,0,0.333333333333333
"Lachnospiraceae.Otu0578","patient","(8.71,15.3]",0,0,0,0
"Lachnospiraceae.Otu0578","patient","(15.3,26.4]",0.000424305045408549,0.000564582348875832,0.000168152009416513,0.555555555555556
"Clostridium_IV.Otu1864","control","[3.18,6.27]",0.0138142601173099,0.0117319553931061,0.0147759675748554,0.75
"Clostridium_IV.Otu1864","control","(6.27,8.71]",0.0126242277733011,0.0178533541314895,0.0126242277733011,0.5
"Clostridium_IV.Otu1864","control","(8.71,15.3]",0.000847432413137743,0.0018965941825309,0,0.428571428571429
"Clostridium_IV.Otu1864","control","(15.3,26.4]",0.00203013391981794,0.00338472894443898,0.00070459749867888,0.8
"Clostridium_IV.Otu1864","patient","[3.18,6.27]",0,0,0,0
"Clostridium_IV.Otu1864","patient","(6.27,8.71]",0.00090751604807917,0.00169795064646369,0.000191938579654511,0.5
"Clostridium_IV.Otu1864","patient","(8.71,15.3]",0.000669642857142857,0.00133928571428571,0,0.25
"Clostridium_IV.Otu1864","patient","(15.3,26.4]",0.00217194729271709,0.00631354725173653,0,0.222222222222222
"Gemmiger.Otu0907","control","[3.18,6.27]",0.00720858882691503,0.00557641598332202,0.00781239364811781,0.75
"Gemmiger.Otu0907","control","(6.27,8.71]",0,0,0,0
"Gemmiger.Otu0907","control","(8.71,15.3]",0.00444659233651721,0.00402021071528766,0.00383631713554987,1
"Gemmiger.Otu0907","control","(15.3,26.4]",0.00814527670791171,0.00583670595492203,0.00882489549465862,1
"Gemmiger.Otu0907","patient","[3.18,6.27]",0.000551016189373593,0.00091218646285732,0.000150738619234248,0.5
"Gemmiger.Otu0907","patient","(6.27,8.71]",0.000184431067044382,0.000451762006975769,0,0.166666666666667
"Gemmiger.Otu0907","patient","(8.71,15.3]",0.00228271997200104,0.00407624298192446,0.000378644452858766,0.5
"Gemmiger.Otu0907","patient","(15.3,26.4]",0.0028073294777044,0.00278106062126054,0.00215169445938677,0.888888888888889
"Lachnospiracea_incertae_sedis.Otu2746","control","[3.18,6.27]",0.0018443140317274,0.00136546870320479,0.00223785086138225,0.75
"Lachnospiracea_incertae_sedis.Otu2746","control","(6.27,8.71]",0.00815389584350043,0.00963205709534427,0.00815389584350043,1
"Lachnospiracea_incertae_sedis.Otu2746","control","(8.71,15.3]",0.00252399508568583,0.00252075087908444,0.00157773952954676,1
"Lachnospiracea_incertae_sedis.Otu2746","control","(15.3,26.4]",0.00275013670428414,0.00194821188059056,0.00263198637559994,1
"Lachnospiracea_incertae_sedis.Otu2746","patient","[3.18,6.27]",1.89926308592266e-05,3.79852617184532e-05,0,0.25
"Lachnospiracea_incertae_sedis.Otu2746","patient","(6.27,8.71]",3.15793053379768e-05,4.90799010691095e-05,0,0.333333333333333
"Lachnospiracea_incertae_sedis.Otu2746","patient","(8.71,15.3]",0.000223214285714286,0.000446428571428571,0,0.25
"Lachnospiracea_incertae_sedis.Otu2746","patient","(15.3,26.4]",0.00129122272558545,0.00253382678747761,6.07053967097675e-05,0.555555555555556
"Bifidobacterium.Otu1244","control","[3.18,6.27]",0.0454973771441444,0.0897555381920736,0.000932642487046632,0.5
"Bifidobacterium.Otu1244","control","(6.27,8.71]",0.00013430029546065,0.000189929299271165,0.00013430029546065,0.5
"Bifidobacterium.Otu1244","control","(8.71,15.3]",0.00011748251231048,0.000151119789039054,0,0.428571428571429
"Bifidobacterium.Otu1244","control","(15.3,26.4]",0.000580709421918493,0.00125144483827716,0,0.4
"Bifidobacterium.Otu1244","patient","[3.18,6.27]",0,0,0,0
"Bifidobacterium.Otu1244","patient","(6.27,8.71]",0,0,0,0
"Bifidobacterium.Otu1244","patient","(8.71,15.3]",0.00216305978862981,0.00411421429144814,0.000161030595813205,0.5
"Bifidobacterium.Otu1244","patient","(15.3,26.4]",0,0,0,0
"Lachnospiracea_incertae_sedis.Otu2549","control","[3.18,6.27]",0.00228333460140519,0.00166154348562647,0.00259775728571193,0.75
"Lachnospiracea_incertae_sedis.Otu2549","control","(6.27,8.71]",0.015625,0.0220970869120796,0.015625,0.5
"Lachnospiracea_incertae_sedis.Otu2549","control","(8.71,15.3]",0.00142942719737195,0.00113164486035638,0.000860585197934596,1
"Lachnospiracea_incertae_sedis.Otu2549","control","(15.3,26.4]",0.00196821756326571,0.00175590069477677,0.00221408498680065,1
"Lachnospiracea_incertae_sedis.Otu2549","patient","[3.18,6.27]",1.89926308592266e-05,3.79852617184532e-05,0,0.25
"Lachnospiracea_incertae_sedis.Otu2549","patient","(6.27,8.71]",0.000263295348887789,0.000623506116104093,0,0.333333333333333
"Lachnospiracea_incertae_sedis.Otu2549","patient","(8.71,15.3]",0.000567966679288148,0.0011359333585763,0,0.25
"Lachnospiracea_incertae_sedis.Otu2549","patient","(15.3,26.4]",0.0010808693293216,0.00211757016902199,0.000259762750021647,0.666666666666667
"Ruminococcus.Otu0422","control","[3.18,6.27]",0.0102573330933957,0.0205146661867914,0,0.25
"Ruminococcus.Otu0422","control","(6.27,8.71]",0.0409615901154983,0.0579284362777053,0.0409615901154983,0.5
"Ruminococcus.Otu0422","control","(8.71,15.3]",0.000938348284620223,0.00160418089484385,0,0.285714285714286
"Ruminococcus.Otu0422","control","(15.3,26.4]",1.41532800226452e-05,3.16476962352245e-05,0,0.2
"Ruminococcus.Otu0422","patient","[3.18,6.27]",0,0,0,0
"Ruminococcus.Otu0422","patient","(6.27,8.71]",0,0,0,0
"Ruminococcus.Otu0422","patient","(8.71,15.3]",0,0,0,0
"Ruminococcus.Otu0422","patient","(15.3,26.4]",0,0,0,0
"Blautia.Otu2475","control","[3.18,6.27]",0.0578585444959932,0.0898828536002438,0.0179722536389243,1
"Blautia.Otu2475","control","(6.27,8.71]",0.00542728064600334,0.00539618230512895,0.00542728064600334,1
"Blautia.Otu2475","control","(8.71,15.3]",0.00631972987862256,0.00390173643116374,0.00567302733367715,1
"Blautia.Otu2475","control","(15.3,26.4]",0.0104482343265047,0.00590238475779296,0.0108375909583527,1
"Blautia.Otu2475","patient","[3.18,6.27]",0.00430535233748399,0.0050523137612172,0.0027916705249325,1
"Blautia.Otu2475","patient","(6.27,8.71]",0.00337150932799892,0.00420109488314232,0.00124225709554525,0.833333333333333
"Blautia.Otu2475","patient","(8.71,15.3]",0.007157407587061,0.0126631833347563,0.00125158155049459,0.75
"Blautia.Otu2475","patient","(15.3,26.4]",0.00947114677821001,0.0123023347850834,0.00463022508038585,1
"Prevotella.Otu1987","control","[3.18,6.27]",0.0193264248704663,0.0386528497409326,0,0.25
"Prevotella.Otu1987","control","(6.27,8.71]",0,0,0,0
"Prevotella.Otu1987","control","(8.71,15.3]",0.0419687652900649,0.111006614491695,0,0.285714285714286
"Prevotella.Otu1987","control","(15.3,26.4]",0.133776821709345,0.141004264069851,0.136163466619694,0.6
"Prevotella.Otu1987","patient","[3.18,6.27]",0.0104642313546423,0.0209284627092846,0,0.25
"Prevotella.Otu1987","patient","(6.27,8.71]",0,0,0,0
"Prevotella.Otu1987","patient","(8.71,15.3]",0.000378644452858766,0.000757288905717531,0,0.25
"Prevotella.Otu1987","patient","(15.3,26.4]",0.0750288325812588,0.154011398206967,0,0.444444444444444
"Blautia.Otu0591","control","[3.18,6.27]",0.00548336927827235,0.00334061675733083,0.00638082271901091,1
"Blautia.Otu0591","control","(6.27,8.71]",0.000928811858526934,0.00055382113013709,0.000928811858526934,1
"Blautia.Otu0591","control","(8.71,15.3]",0.00100104538308841,0.000709881850426973,0.00124542124542125,0.857142857142857
"Blautia.Otu0591","control","(15.3,26.4]",0.00136359781842615,0.000584111094783262,0.00158534437202748,1
"Blautia.Otu0591","patient","[3.18,6.27]",0.000819550717615641,0.000218555809779044,0.000832733361507918,1
"Blautia.Otu0591","patient","(6.27,8.71]",0.000589596418376153,0.000694435299885299,0.000334907697469188,0.666666666666667
"Blautia.Otu0591","patient","(8.71,15.3]",0.00167560840724827,0.00293753721435183,0.000322061191626409,0.5
"Blautia.Otu0591","patient","(15.3,26.4]",0.00143446855358466,0.00255051183291475,0.000504456028249538,0.666666666666667
"Lachnospiraceae.Otu0220","control","[3.18,6.27]",0.00359213587835427,0.00544030617692784,0.00133579236135133,0.75
"Lachnospiraceae.Otu0220","control","(6.27,8.71]",0.0246185682453572,0.0249395895366912,0.0246185682453572,1
"Lachnospiraceae.Otu0220","control","(8.71,15.3]",0.00448444678892415,0.00206633266830396,0.00461538461538462,1
"Lachnospiraceae.Otu0220","control","(15.3,26.4]",0.00331012398322884,0.00265459463191082,0.00457988374141272,1
"Lachnospiraceae.Otu0220","patient","[3.18,6.27]",0.00154110441282775,0.00180059511205581,0.0013728720483251,0.5
"Lachnospiraceae.Otu0220","patient","(6.27,8.71]",0.00363502112319495,0.00819286738316898,0.000372347445591964,0.666666666666667
"Lachnospiraceae.Otu0220","patient","(8.71,15.3]",0.0013306822124299,0.00197794004609805,0.000567966679288148,0.5
"Lachnospiraceae.Otu0220","patient","(15.3,26.4]",0.00227572713733793,0.00450511172132452,0.000303526983548838,0.666666666666667
"Prevotella.Otu1994","control","[3.18,6.27]",0.0546632124352332,0.109326424870466,0,0.25
"Prevotella.Otu1994","control","(6.27,8.71]",0,0,0,0
"Prevotella.Otu1994","control","(8.71,15.3]",0.0123959331024829,0.032796556257763,0,0.142857142857143
"Prevotella.Otu1994","control","(15.3,26.4]",0.0341663074171247,0.060081744336804,0,0.4
"Prevotella.Otu1994","patient","[3.18,6.27]",0.0160768645357686,0.0321537290715373,0,0.25
"Prevotella.Otu1994","patient","(6.27,8.71]",0,0,0,0
"Prevotella.Otu1994","patient","(8.71,15.3]",0,0,0,0
"Prevotella.Otu1994","patient","(15.3,26.4]",0.00144524256347203,0.0043357276904161,0,0.111111111111111
"Lachnospiraceae.Otu0875","control","[3.18,6.27]",0.000771025043496148,0.000586475680236878,0.000718610295327765,1
"Lachnospiraceae.Otu0875","control","(6.27,8.71]",0.00400642844442427,0.00193122652806446,0.00400642844442427,1
"Lachnospiraceae.Otu0875","control","(8.71,15.3]",0.00157879776813476,0.000787018086116282,0.00170502983802217,1
"Lachnospiraceae.Otu0875","control","(15.3,26.4]",0.00205394100599374,0.00125951150627981,0.00201269546369407,1
"Lachnospiraceae.Otu0875","patient","[3.18,6.27]",0,0,0,0
"Lachnospiraceae.Otu0875","patient","(6.27,8.71]",0.00162563029112631,0.00336845077409019,0.000100948919846558,0.5
"Lachnospiraceae.Otu0875","patient","(8.71,15.3]",0.0049215669961579,0.00653081152839114,0.00259675718072159,0.75
"Lachnospiraceae.Otu0875","patient","(15.3,26.4]",0.00103303183883022,0.0013094777221734,0.000413736036408771,0.888888888888889
"Bacteroides.Otu2460","control","[3.18,6.27]",0.000141790077585009,0.000175184762592637,0.000103626943005181,0.5
"Bacteroides.Otu2460","control","(6.27,8.71]",0,0,0,0
"Bacteroides.Otu2460","control","(8.71,15.3]",0.00162429902646219,0.00175062662935632,0.00102564102564103,0.857142857142857
"Bacteroides.Otu2460","control","(15.3,26.4]",0.000296575685605661,0.000373142456343499,8.5157114876948e-05,0.6
"Bacteroides.Otu2460","patient","[3.18,6.27]",0.00815986460532793,0.00582129273543931,0.00896911727461704,1
"Bacteroides.Otu2460","patient","(6.27,8.71]",0.00288435665380562,0.00245399450374435,0.00207203995055286,1
"Bacteroides.Otu2460","patient","(8.71,15.3]",0.000161030595813205,0.000322061191626409,0,0.25
"Bacteroides.Otu2460","patient","(15.3,26.4]",0.00150041742681058,0.00339345253182798,0.000413736036408771,0.555555555555556
"Prevotella.Otu2702","control","[3.18,6.27]",0,0,0,0
"Prevotella.Otu2702","control","(6.27,8.71]",0,0,0,0
"Prevotella.Otu2702","control","(8.71,15.3]",0,0,0,0
"Prevotella.Otu2702","control","(15.3,26.4]",0.00893587846378967,0.0198861598837531,0,0.4
"Prevotella.Otu2702","patient","[3.18,6.27]",0,0,0,0
"Prevotella.Otu2702","patient","(6.27,8.71]",0,0,0,0
"Prevotella.Otu2702","patient","(8.71,15.3]",0,0,0,0
"Prevotella.Otu2702","patient","(15.3,26.4]",6.47123535883e-05,0.0001941370607649,0,0.111111111111111
"Bacteroides.Otu2416","control","[3.18,6.27]",0.000803284541235273,0.00160656908247055,0,0.25
"Bacteroides.Otu2416","control","(6.27,8.71]",0.00067150147730325,0.000949646496355825,0.00067150147730325,0.5
"Bacteroides.Otu2416","control","(8.71,15.3]",0.000522939786692866,0.000411426904129515,0.000515729757607014,0.857142857142857
"Bacteroides.Otu2416","control","(15.3,26.4]",0.000597841424779773,0.00099580851083836,7.07664001132262e-05,0.6
"Bacteroides.Otu2416","patient","[3.18,6.27]",0.000380517503805175,0.00076103500761035,0,0.25
"Bacteroides.Otu2416","patient","(6.27,8.71]",0.00202364950922928,0.00265466069915048,0.00104470140268851,0.666666666666667
"Bacteroides.Otu2416","patient","(8.71,15.3]",0.00147810463366301,0.00151180911873484,0.00135042845640672,0.75
"Bacteroides.Otu2416","patient","(15.3,26.4]",0.00444011160572215,0.00819961046083804,0.00119838762392417,0.888888888888889
"Bacteroides.Otu2654","control","[3.18,6.27]",0.00493770729550697,0.0093309250127116,0.000414507772020725,0.5
"Bacteroides.Otu2654","control","(6.27,8.71]",0.0008058017727639,0.00113957579562699,0.0008058017727639,0.5
"Bacteroides.Otu2654","control","(8.71,15.3]",0.00933307296038,0.0106472536558593,0.00500113662195954,1
"Bacteroides.Otu2654","control","(15.3,26.4]",0.00183355772267964,0.0033175620211512,0.000636897601019036,0.8
"Bacteroides.Otu2654","patient","[3.18,6.27]",0.0168907860187674,0.0294054972243863,0.00319508374738425,1
"Bacteroides.Otu2654","patient","(6.27,8.71]",0.0624614847704804,0.098608903206819,0.0175671350419782,0.666666666666667
"Bacteroides.Otu2654","patient","(8.71,15.3]",0.0230711721618115,0.0387997598426132,0.00579710144927536,0.5
"Bacteroides.Otu2654","patient","(15.3,26.4]",0.0628422622145062,0.132606528819446,0.0171811298776937,0.888888888888889
"Bacteroides.Otu0863","control","[3.18,6.27]",0.00264585371989648,0.00425869210307242,0.000829015544041451,0.5
"Bacteroides.Otu0863","control","(6.27,8.71]",0.00470051034112275,0.00664752547449078,0.00470051034112275,0.5
"Bacteroides.Otu0863","control","(8.71,15.3]",0.0172874384966635,0.0278681193389961,0.00696359624931053,1
"Bacteroides.Otu0863","control","(15.3,26.4]",0.0094733416139621,0.0112558272487816,0.00826024014306395,0.8
"Bacteroides.Otu0863","patient","[3.18,6.27]",0.0236717277014529,0.0165397432628944,0.0254340813481264,1
"Bacteroides.Otu0863","patient","(6.27,8.71]",0.0079250404144343,0.0120436312778717,0.00106996072871412,0.833333333333333
"Bacteroides.Otu0863","patient","(8.71,15.3]",0.0749839997558017,0.110094492888841,0.0242329390637212,1
"Bacteroides.Otu0863","patient","(15.3,26.4]",0.0333789780220182,0.055537154508546,0.0033003300330033,0.777777777777778
"Alistipes.Otu2508","control","[3.18,6.27]",0.0103176141755443,0.0121287412460314,0.00892538379150304,0.5
"Alistipes.Otu2508","control","(6.27,8.71]",0.00013430029546065,0.000189929299271165,0.00013430029546065,0.5
"Alistipes.Otu2508","control","(8.71,15.3]",0.0355945279407555,0.0440936640359312,0.0131511088189789,0.571428571428571
"Alistipes.Otu2508","control","(15.3,26.4]",0.0148363074475105,0.0137549532244119,0.00915976748282544,1
"Alistipes.Otu2508","patient","[3.18,6.27]",0.00494672754946728,0.00989345509893455,0,0.25
"Alistipes.Otu2508","patient","(6.27,8.71]",0.00571516352196937,0.0123794371833544,0.000359971202303816,0.5
"Alistipes.Otu2508","patient","(8.71,15.3]",0.0573006527490223,0.10659865330506,0.00611916264090177,0.5
"Alistipes.Otu2508","patient","(15.3,26.4]",0.0138625183112749,0.0202083282337511,0.00067947971267715,0.666666666666667
"Lachnospiraceae.Otu2222","control","[3.18,6.27]",0.00703501639355211,0.00528018614959025,0.00816329703580889,0.75
"Lachnospiraceae.Otu2222","control","(6.27,8.71]",0.0200264084507042,0.0283216184366091,0.0200264084507042,0.5
"Lachnospiraceae.Otu2222","control","(8.71,15.3]",0.00394547881935537,0.00397136682451009,0.00204591952716526,1
"Lachnospiraceae.Otu2222","control","(15.3,26.4]",0.00308655590441073,0.00292353487985548,0.00255471344630844,1
"Lachnospiraceae.Otu2222","patient","[3.18,6.27]",0.0016110986718592,0.00209165053820472,0.00102560206639824,0.5
"Lachnospiraceae.Otu2222","patient","(6.27,8.71]",0.000981824626317879,0.00234051841371317,0,0.333333333333333
"Lachnospiraceae.Otu2222","patient","(8.71,15.3]",0.00141991669822037,0.00283983339644074,0,0.25
"Lachnospiraceae.Otu2222","patient","(15.3,26.4]",0.0013145049647937,0.00268374306503509,6.19924369226954e-05,0.555555555555556
"Bacteroides.Otu2765","control","[3.18,6.27]",0.00492333419041682,0.00957232444259653,0.000207253886010363,0.5
"Bacteroides.Otu2765","control","(6.27,8.71]",0,0,0,0
"Bacteroides.Otu2765","control","(8.71,15.3]",0.00672701833574482,0.00800859621493923,0.00409183905433053,1
"Bacteroides.Otu2765","control","(15.3,26.4]",0.00377050060134512,0.00700798152957804,0.00102188537852338,0.8
"Bacteroides.Otu2765","patient","[3.18,6.27]",0.00974877709803404,0.00836405387255054,0.00941384034523095,0.75
"Bacteroides.Otu2765","patient","(6.27,8.71]",0.0138093575925511,0.0205643493165029,0.00471183650309765,0.833333333333333
"Bacteroides.Otu2765","patient","(8.71,15.3]",0.0232193158329642,0.0231369669441771,0.0219937551103282,1
"Bacteroides.Otu2765","patient","(15.3,26.4]",0.00854326480895961,0.0156783506595658,0.00235571260306243,1
"Erysipelotrichaceae_incertae_sedis.Otu0818","control","[3.18,6.27]",0.000648866211626298,0.000516104876995047,0.000667896180675665,0.75
"Erysipelotrichaceae_incertae_sedis.Otu0818","control","(6.27,8.71]",0.0012831825765228,0.000675118407092398,0.0012831825765228,1
"Erysipelotrichaceae_incertae_sedis.Otu0818","control","(8.71,15.3]",0.00091628446422538,0.00206456493224055,0,0.428571428571429
"Erysipelotrichaceae_incertae_sedis.Otu0818","control","(15.3,26.4]",2.83065600452905e-05,6.32953924704491e-05,0,0.2
"Erysipelotrichaceae_incertae_sedis.Otu0818","patient","[3.18,6.27]",0.0014749600839777,0.00172358993088359,0.000990318117910174,0.75
"Erysipelotrichaceae_incertae_sedis.Otu0818","patient","(6.27,8.71]",0.00282403497721189,0.00381196427096435,0.00155693215895716,0.833333333333333
"Erysipelotrichaceae_incertae_sedis.Otu0818","patient","(8.71,15.3]",0.0978948039127813,0.19173186666591,0.00305958132045089,0.5
"Erysipelotrichaceae_incertae_sedis.Otu0818","patient","(15.3,26.4]",0.00490216684561685,0.0112871327096074,0.000952463416746039,0.666666666666667
"Parabacteroides.Otu1378","control","[3.18,6.27]",0.000179230443997449,0.000206960855697143,0.000178507675830061,0.5
"Parabacteroides.Otu1378","control","(6.27,8.71]",0.0048348106365834,0.00683745477376194,0.0048348106365834,0.5
"Parabacteroides.Otu1378","control","(8.71,15.3]",0.00192511635224104,0.00378092884943158,0.000293040293040293,1
"Parabacteroides.Otu1378","control","(15.3,26.4]",0.000929426827916637,0.00125111721725504,0.000596099804138636,0.8
"Parabacteroides.Otu1378","patient","[3.18,6.27]",0.00903729071537291,0.0180745814307458,0,0.25
"Parabacteroides.Otu1378","patient","(6.27,8.71]",0.00156761355444731,0.00268834979653438,0,0.333333333333333
"Parabacteroides.Otu1378","patient","(8.71,15.3]",0.00493738842150645,0.00635455980966734,0.00295513398587004,0.75
"Parabacteroides.Otu1378","patient","(15.3,26.4]",0.00539496384137676,0.00658414908461241,0.000504456028249538,0.666666666666667
"Bacteroides.Otu2104","control","[3.18,6.27]",0.00255092093312344,0.00496463403890428,0.000103626943005181,0.5
"Bacteroides.Otu2104","control","(6.27,8.71]",0,0,0,0
"Bacteroides.Otu2104","control","(8.71,15.3]",0.00332636532941409,0.00391307048845914,0.00272789270288702,1
"Bacteroides.Otu2104","control","(15.3,26.4]",0.00210181423119913,0.00394692956398137,0.000596099804138636,0.6
"Bacteroides.Otu2104","patient","[3.18,6.27]",0.00477616422420221,0.00454581390135717,0.00476618547187932,0.75
"Bacteroides.Otu2104","patient","(6.27,8.71]",0.00576873689988055,0.00960538822958459,0.00185295520696854,0.666666666666667
"Bacteroides.Otu2104","patient","(8.71,15.3]",0.0121488664648588,0.0127821012917682,0.0093767853756659,1
"Bacteroides.Otu2104","patient","(15.3,26.4]",0.00430272390678892,0.00677902305317532,0.00128617363344051,0.888888888888889
"Bacteroides.Otu2437","control","[3.18,6.27]",0.00290190587003531,0.00338915697705295,0.00259067357512953,0.5
"Bacteroides.Otu2437","control","(6.27,8.71]",0,0,0,0
"Bacteroides.Otu2437","control","(8.71,15.3]",0.0263248537710455,0.0339155058346118,0.00954762446010457,1
"Bacteroides.Otu2437","control","(15.3,26.4]",0.000383483452337475,0.00077133359290406,7.07664001132262e-05,0.6
"Bacteroides.Otu2437","patient","[3.18,6.27]",0.000441501741890457,0.000320841753172714,0.000502485979975739,0.75
"Bacteroides.Otu2437","patient","(6.27,8.71]",0.00338195855096465,0.00599683619529129,0,0.333333333333333
"Bacteroides.Otu2437","patient","(8.71,15.3]",0.00340159161490683,0.00422082849162654,0.00245535714285714,0.5
"Bacteroides.Otu2437","patient","(15.3,26.4]",0.00385053061635739,0.00843907934512593,0,0.444444444444444
"Dorea.Otu1142","control","[3.18,6.27]",0.00384385141948877,0.00431019778309323,0.00291894271660935,0.75
"Dorea.Otu1142","control","(6.27,8.71]",0.00853084698089153,0.00598670192222909,0.00853084698089153,1
"Dorea.Otu1142","control","(8.71,15.3]",0.00688471219741744,0.00779154937009046,0.0036231884057971,1
"Dorea.Otu1142","control","(15.3,26.4]",0.00639609209299993,0.00786510163971335,0.00375061920600099,1
"Dorea.Otu1142","patient","[3.18,6.27]",0.000395857115841031,0.000457842977619286,0.000379852617184532,0.5
"Dorea.Otu1142","patient","(6.27,8.71]",0.00215505433101265,0.00478048436436661,0.000205222831113547,0.666666666666667
"Dorea.Otu1142","patient","(8.71,15.3]",0.00501345695264645,0.00536438678148482,0.00374672066857792,0.75
"Dorea.Otu1142","patient","(15.3,26.4]",0.00573239247975356,0.0108261902865643,0.00161377084454008,0.777777777777778
"Phascolarctobacterium.Otu1814","control","[3.18,6.27]",0.00303463048911103,0.00606926097822206,0,0.25
"Phascolarctobacterium.Otu1814","control","(6.27,8.71]",0,0,0,0
"Phascolarctobacterium.Otu1814","control","(8.71,15.3]",0.00389538054604081,0.00914802667534017,0,0.285714285714286
"Phascolarctobacterium.Otu1814","control","(15.3,26.4]",0.00683459573718513,0.0152826206670762,0,0.2
"Phascolarctobacterium.Otu1814","patient","[3.18,6.27]",0,0,0,0
"Phascolarctobacterium.Otu1814","patient","(6.27,8.71]",0.00183714557483364,0.0036548798299087,0.00019669551534225,0.5
"Phascolarctobacterium.Otu1814","patient","(8.71,15.3]",0.00780764751552795,0.00913137187746048,0.00691964285714286,0.5
"Phascolarctobacterium.Otu1814","patient","(15.3,26.4]",0.000242288846028036,0.000385711181728207,0,0.444444444444444
"Clostridiales.Otu1597","control","[3.18,6.27]",0.00694300518134715,0.0138860103626943,0,0.25
"Clostridiales.Otu1597","control","(6.27,8.71]",0.030280578853189,0.0356058919183835,0.030280578853189,1
"Clostridiales.Otu1597","control","(8.71,15.3]",0.00152310178505557,0.0037531767143549,0,0.285714285714286
"Clostridiales.Otu1597","control","(15.3,26.4]",0.000592382005136071,0.00124699408853389,0,0.4
"Clostridiales.Otu1597","patient","[3.18,6.27]",0.0120223353338905,0.0240446706677809,0,0.25
"Clostridiales.Otu1597","patient","(6.27,8.71]",0.000617970584600173,0.00151371260831985,0,0.166666666666667
"Clostridiales.Otu1597","patient","(8.71,15.3]",0,0,0,0
"Clostridiales.Otu1597","patient","(15.3,26.4]",0.000199026875546495,0.000395593500667572,0,0.222222222222222
"Ruminococcaceae.Otu1504","control","[3.18,6.27]",0.0199036058550518,0.0398072117101035,0,0.25
"Ruminococcaceae.Otu1504","control","(6.27,8.71]",0,0,0,0
"Ruminococcaceae.Otu1504","control","(8.71,15.3]",0.00513039517043703,0.0132474845601609,0,0.285714285714286
"Ruminococcaceae.Otu1504","control","(15.3,26.4]",0.00161015637095526,0.00360041909986032,0,0.2
"Ruminococcaceae.Otu1504","patient","[3.18,6.27]",1.89926308592266e-05,3.79852617184532e-05,0,0.25
"Ruminococcaceae.Otu1504","patient","(6.27,8.71]",0,0,0,0
"Ruminococcaceae.Otu1504","patient","(8.71,15.3]",0,0,0,0
"Ruminococcaceae.Otu1504","patient","(15.3,26.4]",0.00412906600900547,0.0123871980270164,0,0.111111111111111
"Lachnospiraceae.Otu0272","control","[3.18,6.27]",0.00246555931455328,0.00322757463946547,0.00142203099189224,0.75
"Lachnospiraceae.Otu0272","control","(6.27,8.71]",0.0123239436619718,0.0174286882686825,0.0123239436619718,0.5
"Lachnospiraceae.Otu0272","control","(8.71,15.3]",0.00329090097288123,0.00656831195787289,0.000852514919011083,1
"Lachnospiraceae.Otu0272","control","(15.3,26.4]",0.00117592890350963,0.00213491694604647,8.81367882954345e-05,0.8
"Lachnospiraceae.Otu0272","patient","[3.18,6.27]",6.86436024162548e-05,0.00013728720483251,0,0.25
"Lachnospiraceae.Otu0272","patient","(6.27,8.71]",0.00141492682681485,0.00344420968138289,0,0.333333333333333
"Lachnospiraceae.Otu0272","patient","(8.71,15.3]",0.000364498637550676,0.000536230976095516,0.000161030595813205,0.5
"Lachnospiraceae.Otu0272","patient","(15.3,26.4]",0.000204145982419242,0.000320123756687912,8.6587583340549e-05,0.555555555555556
"Bacteroides.Otu1565","control","[3.18,6.27]",0.000892538379150304,0.00178507675830061,0,0.25
"Bacteroides.Otu1565","control","(6.27,8.71]",0,0,0,0
"Bacteroides.Otu1565","control","(8.71,15.3]",0.0158826809460314,0.0389296641851082,0.000773594636410521,1
"Bacteroides.Otu1565","control","(15.3,26.4]",2.83065600452905e-05,6.32953924704491e-05,0,0.2
"Bacteroides.Otu1565","patient","[3.18,6.27]",0.0001710998993882,0.000200030993698438,0.000151941046873813,0.5
"Bacteroides.Otu1565","patient","(6.27,8.71]",0.000308405793979854,0.00043146021903434,0.000179985601151908,0.5
"Bacteroides.Otu1565","patient","(8.71,15.3]",0.00305958132045089,0.00611916264090177,0,0.25
"Bacteroides.Otu1565","patient","(15.3,26.4]",0.00121641176815832,0.00358002220261857,0,0.222222222222222
"Klebsiella.Otu1452","control","[3.18,6.27]",0.022819335673778,0.045638671347556,0,0.25
"Klebsiella.Otu1452","control","(6.27,8.71]",0,0,0,0
"Klebsiella.Otu1452","control","(8.71,15.3]",3.0446961393253e-05,8.0555088024132e-05,0,0.142857142857143
"Klebsiella.Otu1452","control","(15.3,26.4]",0.000123391503613608,0.000275911789925939,0,0.2
"Klebsiella.Otu1452","patient","[3.18,6.27]",0,0,0,0
"Klebsiella.Otu1452","patient","(6.27,8.71]",0.0001311303435615,0.000321202431521529,0,0.166666666666667
"Klebsiella.Otu1452","patient","(8.71,15.3]",0.000111607142857143,0.000223214285714286,0,0.25
"Klebsiella.Otu1452","patient","(15.3,26.4]",0.00081365003952955,0.00227107824374954,0,0.333333333333333
"Ruminococcus.Otu1429","control","[3.18,6.27]",0.000905341813201107,0.00137338672659812,0.000359906424329674,0.5
"Ruminococcus.Otu1429","control","(6.27,8.71]",0.00767651503974154,0.00781736289262488,0.00767651503974154,1
"Ruminococcus.Otu1429","control","(8.71,15.3]",0.00111697701564713,0.00137195161276497,0.000574250602963133,0.714285714285714
"Ruminococcus.Otu1429","control","(15.3,26.4]",0.00389696485551283,0.00402196266026214,0.00247716364762347,0.8
"Ruminococcus.Otu1429","patient","[3.18,6.27]",0.00161572427964946,0.00240491670581209,0.000686436024162548,0.5
"Ruminococcus.Otu1429","patient","(6.27,8.71]",0.00114351252344751,0.00245571174505074,0,0.333333333333333
"Ruminococcus.Otu1429","patient","(8.71,15.3]",0,0,0,0
"Ruminococcus.Otu1429","patient","(15.3,26.4]",0.000820800325085337,0.00210264193044361,0,0.333333333333333
"Bacteroides.Otu1726","control","[3.18,6.27]",0,0,0,0
"Bacteroides.Otu1726","control","(6.27,8.71]",0,0,0,0
"Bacteroides.Otu1726","control","(8.71,15.3]",0.0305184192611835,0.0804625577983796,0,0.285714285714286
"Bacteroides.Otu1726","control","(15.3,26.4]",1.41532800226452e-05,3.16476962352245e-05,0,0.2
"Bacteroides.Otu1726","patient","[3.18,6.27]",0,0,0,0
"Bacteroides.Otu1726","patient","(6.27,8.71]",0,0,0,0
"Bacteroides.Otu1726","patient","(8.71,15.3]",0,0,0,0
"Bacteroides.Otu1726","patient","(15.3,26.4]",0,0,0,0
"Clostridium_XI.Otu2681","control","[3.18,6.27]",0.00166416469931224,0.00182585708761116,0.00154325264032388,0.75
"Clostridium_XI.Otu2681","control","(6.27,8.71]",0.00114888228106215,0.000865047706363563,0.00114888228106215,1
"Clostridium_XI.Otu2681","control","(8.71,15.3]",0.00119675906117705,0.00154800644101431,0.000620518477661335,0.857142857142857
"Clostridium_XI.Otu2681","control","(15.3,26.4]",0.000524182794670509,0.00108762793459846,0,0.4
"Clostridium_XI.Otu2681","patient","[3.18,6.27]",0.000549148819330038,0.00109829763866008,0,0.25
"Clostridium_XI.Otu2681","patient","(6.27,8.71]",0.000882228759777871,0.00188643649334647,0.000100948919846558,0.5
"Clostridium_XI.Otu2681","patient","(8.71,15.3]",0.0025047805958132,0.00459020026113451,0.000322061191626409,0.5
"Clostridium_XI.Otu2681","patient","(15.3,26.4]",0.011483163851319,0.033853219265963,0,0.444444444444444
"Prevotella.Otu2327","control","[3.18,6.27]",5.18134715025907e-05,0.000103626943005181,0,0.25
"Prevotella.Otu2327","control","(6.27,8.71]",0,0,0,0
"Prevotella.Otu2327","control","(8.71,15.3]",0.00191556767111177,0.0050681156772769,0,0.142857142857143
"Prevotella.Otu2327","control","(15.3,26.4]",0.00471826707477835,0.00769827950200871,0,0.4
"Prevotella.Otu2327","patient","[3.18,6.27]",0.000285388127853881,0.000570776255707763,0,0.25
"Prevotella.Otu2327","patient","(6.27,8.71]",7.37724268177526e-06,1.80704802790308e-05,0,0.166666666666667
"Prevotella.Otu2327","patient","(8.71,15.3]",0,0,0,0
"Prevotella.Otu2327","patient","(15.3,26.4]",0.00212665440136386,0.00567906794237335,0,0.444444444444444
"Lachnospiracea_incertae_sedis.Otu1152","control","[3.18,6.27]",0.00676251536479045,0.0115926983730467,0.00146816551453681,0.75
"Lachnospiracea_incertae_sedis.Otu1152","control","(6.27,8.71]",0.0164014826941774,0.0110397241157788,0.0164014826941774,1
"Lachnospiracea_incertae_sedis.Otu1152","control","(8.71,15.3]",0.00217515822392703,0.000891806269112188,0.00234441602728048,1
"Lachnospiracea_incertae_sedis.Otu1152","control","(15.3,26.4]",0.00139404544760309,0.00105133800246067,0.00170305000774114,0.8
"Lachnospiracea_incertae_sedis.Otu1152","patient","[3.18,6.27]",0,0,0,0
"Lachnospiracea_incertae_sedis.Otu1152","patient","(6.27,8.71]",0.00259651103312116,0.00588062726673127,0.000135895870188268,0.666666666666667
"Lachnospiracea_incertae_sedis.Otu1152","patient","(8.71,15.3]",0.00114294842321631,0.00135814960484801,0.000946611132146914,0.5
"Lachnospiracea_incertae_sedis.Otu1152","patient","(15.3,26.4]",0.00136708389542379,0.00187209965627305,0.000121410793419535,0.555555555555556
"Bacteroides.Otu2120","control","[3.18,6.27]",0.000966272892371815,0.00130924332411823,0.000504484378103144,0.75
"Bacteroides.Otu2120","control","(6.27,8.71]",0.0005372011818426,0.00075971719708466,0.0005372011818426,0.5
"Bacteroides.Otu2120","control","(8.71,15.3]",0.00242824389426113,0.0040667121527396,0.000852514919011083,0.857142857142857
"Bacteroides.Otu2120","control","(15.3,26.4]",0.00160455204547993,0.0014799733779097,0.00167459897761326,1
"Bacteroides.Otu2120","patient","[3.18,6.27]",0.00323439878234399,0.00646879756468798,0,0.25
"Bacteroides.Otu2120","patient","(6.27,8.71]",0.00124113068852955,0.0014881101530058,0.000719942404607631,0.5
"Bacteroides.Otu2120","patient","(8.71,15.3]",0.00310663142049158,0.00493540944963413,0.000994475205495405,0.75
"Bacteroides.Otu2120","patient","(15.3,26.4]",0.0035385180687174,0.00387511548811972,0.00206868018204386,0.888888888888889
"Oscillibacter.Otu0154","control","[3.18,6.27]",0.00167532647677795,0.00220541934451051,0.000921284589330605,0.75
"Oscillibacter.Otu0154","control","(6.27,8.71]",0.00364076751673079,0.000169197579984524,0.00364076751673079,1
"Oscillibacter.Otu0154","control","(8.71,15.3]",0.00221410356797024,0.00254429784929411,0.00136394635144351,0.571428571428571
"Oscillibacter.Otu0154","control","(15.3,26.4]",0.000380971443159613,0.000258544523078224,0.00042578557438474,1
"Oscillibacter.Otu0154","patient","[3.18,6.27]",0.00405845637844796,0.00403698503137209,0.00413558381675314,0.75
"Oscillibacter.Otu0154","patient","(6.27,8.71]",0.00335168245962977,0.00457768482826376,0.00170492467906021,0.833333333333333
"Oscillibacter.Otu0154","patient","(8.71,15.3]",0.000962126598589059,0.00145232644345735,0.000361753197178118,0.75
"Oscillibacter.Otu0154","patient","(15.3,26.4]",0.000456835108218068,0.000523580894949619,0.00024282158683907,0.666666666666667
"Bacteroides.Otu2431","control","[3.18,6.27]",0.0041801338254803,0.00745560434586425,0.000684437590267981,0.75
"Bacteroides.Otu2431","control","(6.27,8.71]",0.00013430029546065,0.000189929299271165,0.00013430029546065,0.5
"Bacteroides.Otu2431","control","(8.71,15.3]",0.0330810799422153,0.0236138765926837,0.0343137254901961,1
"Bacteroides.Otu2431","control","(15.3,26.4]",0.010780163874098,0.0143857438790229,0.00136251383803117,0.6
"Bacteroides.Otu2431","patient","[3.18,6.27]",0.0315530016568608,0.053531782235377,0.00662234675939501,1
"Bacteroides.Otu2431","patient","(6.27,8.71]",0.0190842433881105,0.00950895372346398,0.0198083586740823,1
"Bacteroides.Otu2431","patient","(8.71,15.3]",0.00958617293535772,0.0111622210733182,0.00870535714285714,0.5
"Bacteroides.Otu2431","patient","(15.3,26.4]",0.00868475071534718,0.0110100744481233,0.00412796697626419,0.777777777777778
"Bacteroides.Otu1201","control","[3.18,6.27]",0.0025422267768913,0.00429562405720996,0.000621761658031088,0.5
"Bacteroides.Otu1201","control","(6.27,8.71]",0.00040290088638195,0.000569787897813495,0.00040290088638195,0.5
"Bacteroides.Otu1201","control","(8.71,15.3]",0.00827420590694665,0.0106074909397433,0.00386451466242328,1
"Bacteroides.Otu1201","control","(15.3,26.4]",0.00221194689350973,0.00247871270998988,0.0018578727357176,0.6
"Bacteroides.Otu1201","patient","[3.18,6.27]",0.0658109734397679,0.0946339021257322,0.0283012603590781,1
"Bacteroides.Otu1201","patient","(6.27,8.71]",0.0060876151699637,0.00818346487268169,0.00348196334291355,0.833333333333333
"Bacteroides.Otu1201","patient","(8.71,15.3]",0.0109543588568178,0.0160543421917754,0.00449800342792128,0.75
"Bacteroides.Otu1201","patient","(15.3,26.4]",0.00773109883955671,0.0090022373501319,0.00495049504950495,0.777777777777778
"Lachnospiraceae.Otu0790","control","[3.18,6.27]",0.00167427318094381,0.00276920759466172,0.00044699195774254,0.75
"Lachnospiraceae.Otu0790","control","(6.27,8.71]",0.00163755329451866,0.000796415684047707,0.00163755329451866,1
"Lachnospiraceae.Otu0790","control","(8.71,15.3]",0.00258283102367239,0.00496942151901923,0.000805860805860806,0.857142857142857
"Lachnospiraceae.Otu0790","control","(15.3,26.4]",0.00130024652278435,0.00134959941350544,0.000464468183929401,1
"Lachnospiraceae.Otu0790","patient","[3.18,6.27]",0.00367471795728966,0.00417936889173574,0.00317105712554946,0.75
"Lachnospiraceae.Otu0790","patient","(6.27,8.71]",0.00110068014786398,0.00168359947212951,0.00036537677653196,0.666666666666667
"Lachnospiraceae.Otu0790","patient","(8.71,15.3]",0.000511383418055792,0.000629022804065247,0.000378644452858766,0.5
"Lachnospiraceae.Otu0790","patient","(15.3,26.4]",0.00381509156320075,0.00425492312398957,0.00268961807423346,0.777777777777778
"Prevotella.Otu0773","control","[3.18,6.27]",0.000155440414507772,0.000310880829015544,0,0.25
"Prevotella.Otu0773","control","(6.27,8.71]",0,0,0,0
"Prevotella.Otu0773","control","(8.71,15.3]",0.000165770279230826,0.000438586933610501,0,0.142857142857143
"Prevotella.Otu0773","control","(15.3,26.4]",0.0117005983360783,0.0164549988044141,0.00123304562268804,0.6
"Prevotella.Otu0773","patient","[3.18,6.27]",9.51293759512938e-05,0.000190258751902588,0,0.25
"Prevotella.Otu0773","patient","(6.27,8.71]",0,0,0,0
"Prevotella.Otu0773","patient","(8.71,15.3]",0,0,0,0
"Prevotella.Otu0773","patient","(15.3,26.4]",0.00257612148527386,0.00564454323690048,0,0.333333333333333
"Bacteroides.Otu2343","control","[3.18,6.27]",0.000944351850652894,0.00175325874055906,0.000103626943005181,0.5
"Bacteroides.Otu2343","control","(6.27,8.71]",0.0005372011818426,0.00075971719708466,0.0005372011818426,0.5
"Bacteroides.Otu2343","control","(8.71,15.3]",0.00111897444180714,0.00226008976201187,7.32600732600733e-05,0.571428571428571
"Bacteroides.Otu2343","control","(15.3,26.4]",4.24598400679357e-05,9.49430887056736e-05,0,0.2
"Bacteroides.Otu2343","patient","[3.18,6.27]",0,0,0,0
"Bacteroides.Otu2343","patient","(6.27,8.71]",0.000823173783181184,0.00141037814801742,2.21317280453258e-05,0.5
"Bacteroides.Otu2343","patient","(8.71,15.3]",0.00130100500345066,0.00182203195675759,0.000669642857142857,0.5
"Bacteroides.Otu2343","patient","(15.3,26.4]",0.0188971267591008,0.0423010398178456,0.00251103991687592,0.777777777777778
"Alistipes.Otu1466","control","[3.18,6.27]",0.000402726422868719,0.00051310615935316,0.000269929818247256,0.5
"Alistipes.Otu1466","control","(6.27,8.71]",0.0526457158205748,0.0744522853142967,0.0526457158205748,0.5
"Alistipes.Otu1466","control","(8.71,15.3]",0.0226657508310976,0.0536940130728476,0,0.428571428571429
"Alistipes.Otu1466","control","(15.3,26.4]",0.00545577511359883,0.00730668858741145,0.00263198637559994,0.6
"Alistipes.Otu1466","patient","[3.18,6.27]",0.000892366831411312,0.00178473366282262,0,0.25
"Alistipes.Otu1466","patient","(6.27,8.71]",0.0159285693658508,0.0165545190731486,0.0134660732928069,0.666666666666667
"Alistipes.Otu1466","patient","(8.71,15.3]",0.0055548366689671,0.00947022163367546,0.00128824476650564,0.5
"Alistipes.Otu1466","patient","(15.3,26.4]",0.0142585160455896,0.0239997945848784,0.0031061929722384,0.555555555555556
"Escherichia_Shigella.Otu2393","control","[3.18,6.27]",0.042253372274304,0.0839925959377587,0.000385761561840423,0.75
"Escherichia_Shigella.Otu2393","control","(6.27,8.71]",0.000220070422535211,0.000311226576226473,0.000220070422535211,0.5
"Escherichia_Shigella.Otu2393","control","(8.71,15.3]",0.000929051745066934,0.00167521349877433,0.000413678985107557,0.714285714285714
"Escherichia_Shigella.Otu2393","control","(15.3,26.4]",0.000458062895293961,0.000763774100055955,0,0.4
"Escherichia_Shigella.Otu2393","patient","[3.18,6.27]",0.000205930807248764,0.000411861614497529,0,0.25
"Escherichia_Shigella.Otu2393","patient","(6.27,8.71]",0.0291749157972045,0.0712757617580821,0,0.333333333333333
"Escherichia_Shigella.Otu2393","patient","(8.71,15.3]",0.000774234935359983,0.0012684306565221,0.000223214285714286,0.5
"Escherichia_Shigella.Otu2393","patient","(15.3,26.4]",0.0160883856478408,0.0423583545817169,0,0.444444444444444
"Enterococcus.Otu1019","control","[3.18,6.27]",0.0148523968159313,0.0272437546690933,0.00188950872773079,0.5
"Enterococcus.Otu1019","control","(6.27,8.71]",0.00013430029546065,0.000189929299271165,0.00013430029546065,0.5
"Enterococcus.Otu1019","control","(8.71,15.3]",3.24749131296074e-05,8.59205439893674e-05,0,0.142857142857143
"Enterococcus.Otu1019","control","(15.3,26.4]",0,0,0,0
"Enterococcus.Otu1019","patient","[3.18,6.27]",0.000829062405788363,0.00165812481157673,0,0.25
"Enterococcus.Otu1019","patient","(6.27,8.71]",0.000185391175380052,0.000454113782495954,0,0.166666666666667
"Enterococcus.Otu1019","patient","(8.71,15.3]",0.00028968352711184,0.000364681849469655,0.000200722601364914,0.5
"Enterococcus.Otu1019","patient","(15.3,26.4]",0.00798310526146568,0.0239265596835473,0,0.222222222222222
"Prevotella.Otu1563","control","[3.18,6.27]",0.000259067357512953,0.000518134715025907,0,0.25
"Prevotella.Otu1563","control","(6.27,8.71]",0,0,0,0
"Prevotella.Otu1563","control","(8.71,15.3]",0.00281809474692404,0.00745597787137851,0,0.142857142857143
"Prevotella.Otu1563","control","(15.3,26.4]",0.00807217277251657,0.00763080522028375,0.0102166637308438,0.6
"Prevotella.Otu1563","patient","[3.18,6.27]",0.00218797564687976,0.00437595129375951,0,0.25
"Prevotella.Otu1563","patient","(6.27,8.71]",0,0,0,0
"Prevotella.Otu1563","patient","(8.71,15.3]",9.46611132146914e-05,0.000189322226429383,0,0.25
"Prevotella.Otu1563","patient","(15.3,26.4]",0.00274995464703525,0.00558393570870703,0,0.333333333333333
"Prevotella.Otu2220","control","[3.18,6.27]",5.18134715025907e-05,0.000103626943005181,0,0.25
"Prevotella.Otu2220","control","(6.27,8.71]",0,0,0,0
"Prevotella.Otu2220","control","(8.71,15.3]",0.000184189199145362,0.000487318815122779,0,0.142857142857143
"Prevotella.Otu2220","control","(15.3,26.4]",0.000594562682939376,0.000993455867525756,0,0.4
"Prevotella.Otu2220","patient","[3.18,6.27]",0.000190258751902588,0.000380517503805175,0,0.25
"Prevotella.Otu2220","patient","(6.27,8.71]",0,0,0,0
"Prevotella.Otu2220","patient","(8.71,15.3]",0,0,0,0
"Prevotella.Otu2220","patient","(15.3,26.4]",0.00435699795317964,0.0115238674753382,0,0.222222222222222
"Blautia.Otu2495","control","[3.18,6.27]",0.0120984872376207,0.014109795892516,0.00989069410813681,0.75
"Blautia.Otu2495","control","(6.27,8.71]",0.00242077464788732,0.00342349233849121,0.00242077464788732,0.5
"Blautia.Otu2495","control","(8.71,15.3]",0.00180520415850843,0.000883540840602356,0.00206730217066728,1
"Blautia.Otu2495","control","(15.3,26.4]",0.00234376338886114,0.00150845916722102,0.00318448800509518,1
"Blautia.Otu2495","patient","[3.18,6.27]",0.000411861614497529,0.000823723228995058,0,0.25
"Blautia.Otu2495","patient","(6.27,8.71]",0.000489711620616272,0.000720459103553182,0.000318181543652007,0.666666666666667
"Blautia.Otu2495","patient","(8.71,15.3]",0.00110905636393141,0.00132840266222909,0.000892857142857143,0.5
"Blautia.Otu2495","patient","(15.3,26.4]",0.00153081038675721,0.00201230923597398,0.00141479099678457,0.888888888888889
"Sutterella.Otu0171","control","[3.18,6.27]",0.000880829015544041,0.00176165803108808,0,0.25
"Sutterella.Otu0171","control","(6.27,8.71]",0,0,0,0
"Sutterella.Otu0171","control","(8.71,15.3]",0.0151659254959125,0.0388281065976516,0,0.428571428571429
"Sutterella.Otu0171","control","(15.3,26.4]",0.0034403474410287,0.00769285074435762,0,0.2
"Sutterella.Otu0171","patient","[3.18,6.27]",0,0,0,0
"Sutterella.Otu0171","patient","(6.27,8.71]",3.26144726434147e-05,6.08376043761766e-05,0,0.333333333333333
"Sutterella.Otu0171","patient","(8.71,15.3]",0.00233514649814419,0.00209373194949531,0.00257689525071672,0.75
"Sutterella.Otu0171","patient","(15.3,26.4]",0.00602557046575347,0.0120931798062118,0,0.222222222222222
"Roseburia.Otu2084","control","[3.18,6.27]",0.00214889634019863,0.0018735239580019,0.00222833074050163,0.75
"Roseburia.Otu2084","control","(6.27,8.71]",0.00136895270359736,0.00117627428259004,0.00136895270359736,1
"Roseburia.Otu2084","control","(8.71,15.3]",0.00248397350531109,0.00164671648595308,0.00170502983802217,1
"Roseburia.Otu2084","control","(15.3,26.4]",0.00177829563369836,0.00139775996486648,0.00169839360271743,1
"Roseburia.Otu2084","patient","[3.18,6.27]",0.000433842377559484,0.000502242327243251,0.000411861614497529,0.5
"Roseburia.Otu2084","patient","(6.27,8.71]",0.00137585686807663,0.00164477137654889,0.000550767951912012,0.833333333333333
"Roseburia.Otu2084","patient","(8.71,15.3]",0.000809512573007955,0.00107604935720754,0.000483091787439614,0.5
"Roseburia.Otu2084","patient","(15.3,26.4]",0.00238243991683879,0.0024891100152046,0.00163904571116372,0.777777777777778
"Bacteroides.Otu2065","control","[3.18,6.27]",0,0,0,0
"Bacteroides.Otu2065","control","(6.27,8.71]",0,0,0,0
"Bacteroides.Otu2065","control","(8.71,15.3]",0.0122535583292129,0.0155339746097662,5.74250602963133e-05,0.571428571428571
"Bacteroides.Otu2065","control","(15.3,26.4]",0.00882583910332305,0.0176487809487247,0,0.4
"Bacteroides.Otu2065","patient","[3.18,6.27]",0.0244196563159481,0.0488393126318963,0,0.25
"Bacteroides.Otu2065","patient","(6.27,8.71]",0.0643222320542968,0.15753496406854,0,0.333333333333333
"Bacteroides.Otu2065","patient","(8.71,15.3]",0,0,0,0
"Bacteroides.Otu2065","patient","(15.3,26.4]",0.000237438567294416,0.000596659687346425,0,0.222222222222222
"Bacteroides.Otu0480","control","[3.18,6.27]",0,0,0,0
"Bacteroides.Otu0480","control","(6.27,8.71]",0,0,0,0
"Bacteroides.Otu0480","control","(8.71,15.3]",0.0236804248831174,0.037898001853495,0.00275640289422304,0.857142857142857
"Bacteroides.Otu0480","control","(15.3,26.4]",0,0,0,0
"Bacteroides.Otu0480","patient","[3.18,6.27]",0.000190258751902588,0.000380517503805175,0,0.25
"Bacteroides.Otu0480","patient","(6.27,8.71]",0.0268178545716343,0.0656900596966691,0,0.166666666666667
"Bacteroides.Otu0480","patient","(8.71,15.3]",0.0046875,0.009375,0,0.25
"Bacteroides.Otu0480","patient","(15.3,26.4]",0.00298147089195644,0.00890806982156986,0,0.222222222222222
"Faecalibacterium.Otu0751","control","[3.18,6.27]",0.00752293842383946,0.00750177740779144,0.00799924472332659,0.75
"Faecalibacterium.Otu0751","control","(6.27,8.71]",0.000660211267605634,0.00093367972867942,0.000660211267605634,0.5
"Faecalibacterium.Otu0751","control","(8.71,15.3]",0.00571742982992921,0.00408215346609139,0.00344234079173838,1
"Faecalibacterium.Otu0751","control","(15.3,26.4]",0.0102648398220338,0.00734753962292355,0.011411053393511,1
"Faecalibacterium.Otu0751","patient","[3.18,6.27]",0.00750158319340755,0.00595431348055983,0.00635094370848473,1
"Faecalibacterium.Otu0751","patient","(6.27,8.71]",0.00259856887600417,0.00258205742425333,0.00225097090743993,0.833333333333333
"Faecalibacterium.Otu0751","patient","(8.71,15.3]",0.00416093869422714,0.00519477422479768,0.00245288836914341,0.75
"Faecalibacterium.Otu0751","patient","(15.3,26.4]",0.0067207678325866,0.0114287258594533,0.00376546530392684,0.888888888888889
"Bacteroides.Otu1624","control","[3.18,6.27]",8.92538379150304e-05,0.000178507675830061,0,0.25
"Bacteroides.Otu1624","control","(6.27,8.71]",0,0,0,0
"Bacteroides.Otu1624","control","(8.71,15.3]",0.00637802715010463,0.0114354980121276,0.000287125301481567,0.571428571428571
"Bacteroides.Otu1624","control","(15.3,26.4]",0.00107844312473526,0.00225656499061736,0,0.4
"Bacteroides.Otu1624","patient","[3.18,6.27]",0.0299972542559033,0.0599945085118067,0,0.25
"Bacteroides.Otu1624","patient","(6.27,8.71]",0.003285087582172,0.00798191134205243,0,0.333333333333333
"Bacteroides.Otu1624","patient","(8.71,15.3]",8.05152979066023e-05,0.000161030595813205,0,0.25
"Bacteroides.Otu1624","patient","(15.3,26.4]",0.000693687307423799,0.00194792272979136,0,0.444444444444444
"Lactobacillus.Otu0959","control","[3.18,6.27]",0,0,0,0
"Lactobacillus.Otu0959","control","(6.27,8.71]",0,0,0,0
"Lactobacillus.Otu0959","control","(8.71,15.3]",0,0,0,0
"Lactobacillus.Otu0959","control","(15.3,26.4]",0.0364218555367823,0.0809665417751213,0,0.4
"Lactobacillus.Otu0959","patient","[3.18,6.27]",0,0,0,0
"Lactobacillus.Otu0959","patient","(6.27,8.71]",0,0,0,0
"Lactobacillus.Otu0959","patient","(8.71,15.3]",0.000283983339644074,0.000567966679288148,0,0.25
"Lactobacillus.Otu0959","patient","(15.3,26.4]",0,0,0,0
"Alistipes.Otu0529","control","[3.18,6.27]",0.000224941515206046,0.000449883030412093,0,0.25
"Alistipes.Otu0529","control","(6.27,8.71]",0,0,0,0
"Alistipes.Otu0529","control","(8.71,15.3]",0.00558843751161898,0.00704005822855686,0.00490842490842491,0.714285714285714
"Alistipes.Otu0529","control","(15.3,26.4]",0.00114749661796533,0.00165823362614658,0.00070459749867888,0.8
"Alistipes.Otu0529","patient","[3.18,6.27]",0.00190258751902588,0.00380517503805175,0,0.25
"Alistipes.Otu0529","patient","(6.27,8.71]",0.000789364966949953,0.00193354138985629,0,0.166666666666667
"Alistipes.Otu0529","patient","(8.71,15.3]",0.00200892857142857,0.00401785714285714,0,0.25
"Alistipes.Otu0529","patient","(15.3,26.4]",0.00154164369443403,0.00344114232354136,0,0.222222222222222
"Bacteroides.Otu0775","control","[3.18,6.27]",0.00022349597887127,0.000337846707628344,8.99766060824186e-05,0.5
"Bacteroides.Otu0775","control","(6.27,8.71]",0,0,0,0
"Bacteroides.Otu0775","control","(8.71,15.3]",0.00388021541217991,0.00241937492985912,0.00453657976340875,1
"Bacteroides.Otu0775","control","(15.3,26.4]",3.09645455952934e-05,6.92388288434677e-05,0,0.2
"Bacteroides.Otu0775","patient","[3.18,6.27]",0.00247116968698517,0.00494233937397035,0,0.25
"Bacteroides.Otu0775","patient","(6.27,8.71]",0.00179764935798572,0.00162342966991148,0.0016770312573134,0.833333333333333
"Bacteroides.Otu0775","patient","(8.71,15.3]",0.000719066310098919,0.00105342772984577,0.000322061191626409,0.5
"Bacteroides.Otu0775","patient","(15.3,26.4]",0.00120811974690317,0.00220128998080444,8.6587583340549e-05,0.666666666666667
"Prevotellaceae.Otu2503","control","[3.18,6.27]",0.00699481865284974,0.0139896373056995,0,0.25
"Prevotellaceae.Otu2503","control","(6.27,8.71]",0,0,0,0
"Prevotellaceae.Otu2503","control","(8.71,15.3]",1.84189199145362e-05,4.87318815122779e-05,0,0.142857142857143
"Prevotellaceae.Otu2503","control","(15.3,26.4]",0.00204511874028595,0.00336683348450657,0,0.4
"Prevotellaceae.Otu2503","patient","[3.18,6.27]",0,0,0,0
"Prevotellaceae.Otu2503","patient","(6.27,8.71]",7.37724268177526e-06,1.80704802790308e-05,0,0.166666666666667
"Prevotellaceae.Otu2503","patient","(8.71,15.3]",0,0,0,0
"Prevotellaceae.Otu2503","patient","(15.3,26.4]",0.00243749865182597,0.0073124959554779,0,0.111111111111111
"Bacteroides.Otu0752","control","[3.18,6.27]",0.00114084647241005,0.00100122247433759,0.00121064688983973,0.75
"Bacteroides.Otu0752","control","(6.27,8.71]",0.0008058017727639,0.00113957579562699,0.0008058017727639,0.5
"Bacteroides.Otu0752","control","(8.71,15.3]",0.00267448626217286,0.00222173824982545,0.00298380221653879,1
"Bacteroides.Otu0752","control","(15.3,26.4]",0.000223168577280767,0.000283196664387454,7.07664001132262e-05,0.6
"Bacteroides.Otu0752","patient","[3.18,6.27]",0.00208772500043379,0.00192505712058686,0.00189234497803653,0.75
"Bacteroides.Otu0752","patient","(6.27,8.71]",0.00228348486658493,0.00277262484003619,0.000939096218465088,0.833333333333333
"Bacteroides.Otu0752","patient","(8.71,15.3]",0.000483091787439614,0.000966183574879227,0,0.25
"Bacteroides.Otu0752","patient","(15.3,26.4]",0.000711766328447607,0.000752104481771213,0.000433947058458868,0.777777777777778
"Ruminococcaceae.Otu2507","control","[3.18,6.27]",0.000269929818247256,0.000539859636494511,0,0.25
"Ruminococcaceae.Otu2507","control","(6.27,8.71]",0.0002686005909213,0.00037985859854233,0.0002686005909213,0.5
"Ruminococcaceae.Otu2507","control","(8.71,15.3]",0.00118957863256124,0.00208845747525271,0.000227324391907252,0.857142857142857
"Ruminococcaceae.Otu2507","control","(15.3,26.4]",0.00738392250093168,0.0138009419474315,0.00108375909583527,0.8
"Ruminococcaceae.Otu2507","patient","[3.18,6.27]",0,0,0,0
"Ruminococcaceae.Otu2507","patient","(6.27,8.71]",0.000828797107871657,0.0016822771508932,0,0.333333333333333
"Ruminococcaceae.Otu2507","patient","(8.71,15.3]",0.000322061191626409,0.000644122383252818,0,0.25
"Ruminococcaceae.Otu2507","patient","(15.3,26.4]",0.000179657096740036,0.000381202416923148,0,0.333333333333333
"Prevotella.Otu2602","control","[3.18,6.27]",0.000362694300518135,0.000725388601036269,0,0.25
"Prevotella.Otu2602","control","(6.27,8.71]",0,0,0,0
"Prevotella.Otu2602","control","(8.71,15.3]",0.00875945268415614,0.0231430448721727,0,0.285714285714286
"Prevotella.Otu2602","control","(15.3,26.4]",0.0168656351801015,0.0255236621728006,0.00211379249603664,0.6
"Prevotella.Otu2602","patient","[3.18,6.27]",0.00133181126331811,0.00266362252663623,0,0.25
"Prevotella.Otu2602","patient","(6.27,8.71]",0,0,0,0
"Prevotella.Otu2602","patient","(8.71,15.3]",0,0,0,0
"Prevotella.Otu2602","patient","(15.3,26.4]",0.00448612393597621,0.00676685039758888,0,0.444444444444444
"Bacteroides.Otu2216","control","[3.18,6.27]",8.92538379150304e-05,0.000178507675830061,0,0.25
"Bacteroides.Otu2216","control","(6.27,8.71]",0,0,0,0
"Bacteroides.Otu2216","control","(8.71,15.3]",0.00260707175135779,0.0039100596062848,0,0.428571428571429
"Bacteroides.Otu2216","control","(15.3,26.4]",0.000596857024987876,0.00114785399210254,0,0.4
"Bacteroides.Otu2216","patient","[3.18,6.27]",0.00866747060596925,0.0173349412119385,0,0.25
"Bacteroides.Otu2216","patient","(6.27,8.71]",0.0125989920806336,0.0308611018709184,0,0.166666666666667
"Bacteroides.Otu2216","patient","(8.71,15.3]",8.05152979066023e-05,0.000161030595813205,0,0.25
"Bacteroides.Otu2216","patient","(15.3,26.4]",2.85816362986781e-05,8.57449088960343e-05,0,0.111111111111111
"Bacteroides.Otu1411","control","[3.18,6.27]",0.00107931675977652,0.00167538055982757,0.000373556761252437,0.75
"Bacteroides.Otu1411","control","(6.27,8.71]",0,0,0,0
"Bacteroides.Otu1411","control","(8.71,15.3]",0.0045547004257548,0.00779182748209073,0.000852514919011083,1
"Bacteroides.Otu1411","control","(15.3,26.4]",0.0006953732831191,0.0015156521026009,0,0.4
"Bacteroides.Otu1411","patient","[3.18,6.27]",6.86436024162548e-05,0.00013728720483251,0,0.25
"Bacteroides.Otu1411","patient","(6.27,8.71]",0.00303601368630437,0.00689616455216983,2.52372299616394e-05,0.5
"Bacteroides.Otu1411","patient","(8.71,15.3]",0.000161030595813205,0.000322061191626409,0,0.25
"Bacteroides.Otu1411","patient","(15.3,26.4]",0.00106999174281411,0.00216971745383434,8.6587583340549e-05,0.666666666666667
"Bacteroides.Otu0848","control","[3.18,6.27]",0.012904366131267,0.0256707489250987,0.000103626943005181,0.5
"Bacteroides.Otu0848","control","(6.27,8.71]",0.00067150147730325,0.000949646496355825,0.00067150147730325,0.5
"Bacteroides.Otu0848","control","(8.71,15.3]",0.0174620337301308,0.0292175760209371,0.00468883205456096,1
"Bacteroides.Otu0848","control","(15.3,26.4]",0.00418085803085573,0.00798625868150154,0.00120302880192485,0.6
"Bacteroides.Otu0848","patient","[3.18,6.27]",0.0331355433026167,0.0505670902961376,0.012018635095306,1
"Bacteroides.Otu0848","patient","(6.27,8.71]",0.0247367649572605,0.0514540776534491,0.00390944746867605,0.666666666666667
"Bacteroides.Otu0848","patient","(8.71,15.3]",0.0288209590962827,0.0281920426810594,0.0297553334862648,1
"Bacteroides.Otu0848","patient","(15.3,26.4]",0.0135158733199775,0.0166141425055433,0.00655792836724399,0.888888888888889
"Sutterella.Otu1997","control","[3.18,6.27]",0.000362694300518135,0.000725388601036269,0,0.25
"Sutterella.Otu1997","control","(6.27,8.71]",0.00013430029546065,0.000189929299271165,0.00013430029546065,0.5
"Sutterella.Otu1997","control","(8.71,15.3]",0.00223503000627906,0.00322844712433162,0,0.428571428571429
"Sutterella.Otu1997","control","(15.3,26.4]",0.00620023661508827,0.0109307890854929,0.0017614937466972,0.8
"Sutterella.Otu1997","patient","[3.18,6.27]",0.0149118810022994,0.0286305539840813,0.000904431715405487,0.5
"Sutterella.Otu1997","patient","(6.27,8.71]",0,0,0,0
"Sutterella.Otu1997","patient","(8.71,15.3]",0,0,0,0
"Sutterella.Otu1997","patient","(15.3,26.4]",0.00219947350832745,0.00425456318428418,0,0.333333333333333
"Ruminococcaceae.Otu0064","control","[3.18,6.27]",0.00932074592160831,0.0177022559101978,0.000714030703320243,0.5
"Ruminococcaceae.Otu0064","control","(6.27,8.71]",0,0,0,0
"Ruminococcaceae.Otu0064","control","(8.71,15.3]",0.00452955119268161,0.00813720351331493,0,0.428571428571429
"Ruminococcaceae.Otu0064","control","(15.3,26.4]",0,0,0,0
"Ruminococcaceae.Otu0064","patient","[3.18,6.27]",0,0,0,0
"Ruminococcaceae.Otu0064","patient","(6.27,8.71]",0,0,0,0
"Ruminococcaceae.Otu0064","patient","(8.71,15.3]",0,0,0,0
"Ruminococcaceae.Otu0064","patient","(15.3,26.4]",5.66316572165928e-05,0.000130687161198327,0,0.222222222222222
"Prevotella.Otu2666","control","[3.18,6.27]",0,0,0,0
"Prevotella.Otu2666","control","(6.27,8.71]",0,0,0,0
"Prevotella.Otu2666","control","(8.71,15.3]",1.84189199145362e-05,4.87318815122779e-05,0,0.142857142857143
"Prevotella.Otu2666","control","(15.3,26.4]",0.00211349511503934,0.00458444077431096,0,0.4
"Prevotella.Otu2666","patient","[3.18,6.27]",0,0,0,0
"Prevotella.Otu2666","patient","(6.27,8.71]",0,0,0,0
"Prevotella.Otu2666","patient","(8.71,15.3]",0,0,0,0
"Prevotella.Otu2666","patient","(15.3,26.4]",0.00621913098855566,0.0186346392567834,0,0.222222222222222
"Parabacteroides.Otu1736","control","[3.18,6.27]",0.00414317823053797,0.00534447578510252,0.00252785367180115,0.75
"Parabacteroides.Otu1736","control","(6.27,8.71]",0.00242077464788732,0.00342349233849121,0.00242077464788732,0.5
"Parabacteroides.Otu1736","control","(8.71,15.3]",0.00613387397466801,0.00616131494427343,0.00477050025786488,1
"Parabacteroides.Otu1736","control","(15.3,26.4]",0.00327562540920639,0.00394020199190821,0.00123391503613608,0.8
"Parabacteroides.Otu1736","patient","[3.18,6.27]",0.00142694063926941,0.00285388127853881,0,0.25
"Parabacteroides.Otu1736","patient","(6.27,8.71]",0.0822836568331604,0.19393421149798,0.000450272343444999,0.666666666666667
"Parabacteroides.Otu1736","patient","(8.71,15.3]",0.0047452659807427,0.00614300902199366,0.00279410339005683,0.75
"Parabacteroides.Otu1736","patient","(15.3,26.4]",0.00652075114959159,0.0137219014534038,0.000108944329447652,0.555555555555556
"Akkermansia.Otu1935","control","[3.18,6.27]",0.00477905555337476,0.00829113231393231,0.000989742666906604,0.5
"Akkermansia.Otu1935","control","(6.27,8.71]",0.00409556790109445,0.00541214907280536,0.00409556790109445,1
"Akkermansia.Otu1935","control","(8.71,15.3]",0.0038176836791756,0.00778977881713331,0,0.428571428571429
"Akkermansia.Otu1935","control","(15.3,26.4]",0,0,0,0
"Akkermansia.Otu1935","patient","[3.18,6.27]",0.000303882093747626,0.000607764187495252,0,0.25
"Akkermansia.Otu1935","patient","(6.27,8.71]",0.00537796061407466,0.0104934084710639,4.42634560906516e-05,0.5
"Akkermansia.Otu1935","patient","(8.71,15.3]",0.0505619631120619,0.0820976924992075,0.0151335880598727,0.75
"Akkermansia.Otu1935","patient","(15.3,26.4]",1.07853922647167e-05,3.235617679415e-05,0,0.111111111111111
"Prevotella.Otu1633","control","[3.18,6.27]",0.00500543123036715,0.00965431088860058,0.000269929818247256,0.5
"Prevotella.Otu1633","control","(6.27,8.71]",0,0,0,0
"Prevotella.Otu1633","control","(8.71,15.3]",0.000374015561333621,0.000817179581114344,0,0.285714285714286
"Prevotella.Otu1633","control","(15.3,26.4]",0.0132304346317838,0.0176524367244581,0.00510833186542188,0.6
"Prevotella.Otu1633","patient","[3.18,6.27]",0.000285388127853881,0.000570776255707763,0,0.25
"Prevotella.Otu1633","patient","(6.27,8.71]",7.02094684472304e-05,0.000148627726876165,0,0.333333333333333
"Prevotella.Otu1633","patient","(8.71,15.3]",0.00399271278465949,0.00769068642345044,0.000223214285714286,0.5
"Prevotella.Otu1633","patient","(15.3,26.4]",0.0103142913425939,0.0190377357139046,0.000108944329447652,0.555555555555556
"Prevotella.Otu0634","control","[3.18,6.27]",0.000569948186528497,0.00113989637305699,0,0.25
"Prevotella.Otu0634","control","(6.27,8.71]",0,0,0,0
"Prevotella.Otu0634","control","(8.71,15.3]",0.00513093075842682,0.0117073204764138,7.32600732600733e-05,0.714285714285714
"Prevotella.Otu0634","control","(15.3,26.4]",0.00746450390193063,0.0104922060778562,0.00149832540102239,0.8
"Prevotella.Otu0634","patient","[3.18,6.27]",0.000570776255707763,0.00114155251141553,0,0.25
"Prevotella.Otu0634","patient","(6.27,8.71]",0,0,0,0
"Prevotella.Otu0634","patient","(8.71,15.3]",0.00401785714285714,0.00803571428571428,0,0.25
"Prevotella.Otu0634","patient","(15.3,26.4]",0.00663706050775474,0.0128904745768661,0,0.333333333333333
"Lachnospiraceae.Otu0898","control","[3.18,6.27]",0.0238524996158895,0.0442737919749526,0.00260643050372059,0.75
"Lachnospiraceae.Otu0898","control","(6.27,8.71]",0.0013430029546065,0.00189929299271165,0.0013430029546065,0.5
"Lachnospiraceae.Otu0898","control","(8.71,15.3]",0.000309913218829476,0.000315810204308829,0.000426257459505541,0.571428571428571
"Lachnospiraceae.Otu0898","control","(15.3,26.4]",1.41532800226452e-05,3.16476962352245e-05,0,0.2
"Lachnospiraceae.Otu0898","patient","[3.18,6.27]",0.00224323054079935,0.00274563875001774,0.00152361066755934,0.75
"Lachnospiraceae.Otu0898","patient","(6.27,8.71]",0.00135533008150985,0.00222416960686673,0.000445346848191699,0.666666666666667
"Lachnospiraceae.Otu0898","patient","(8.71,15.3]",0.00289485727806553,0.00466395020922907,0.000867336668967104,0.75
"Lachnospiraceae.Otu0898","patient","(15.3,26.4]",0.000356168212696054,0.000353465631121278,0.000336304018833025,0.666666666666667
"Prevotella.Otu1319","control","[3.18,6.27]",0.000569948186528497,0.00113989637305699,0,0.25
"Prevotella.Otu1319","control","(6.27,8.71]",0,0,0,0
"Prevotella.Otu1319","control","(8.71,15.3]",0.00523097325572828,0.0138398543494869,0,0.142857142857143
"Prevotella.Otu1319","control","(15.3,26.4]",0.0108215492558199,0.0187669553919791,0.00035229874933944,0.6
"Prevotella.Otu1319","patient","[3.18,6.27]",0.000951293759512938,0.00190258751902588,0,0.25
"Prevotella.Otu1319","patient","(6.27,8.71]",0,0,0,0
"Prevotella.Otu1319","patient","(8.71,15.3]",0,0,0,0
"Prevotella.Otu1319","patient","(15.3,26.4]",0.00240107053292449,0.00478677832348617,0,0.444444444444444
"Lachnospiracea_incertae_sedis.Otu0778","control","[3.18,6.27]",0.00250197759606692,0.00255074485904694,0.00212470379749645,0.75
"Lachnospiracea_incertae_sedis.Otu0778","control","(6.27,8.71]",0.000880281690140845,0.00124490630490589,0.000880281690140845,0.5
"Lachnospiracea_incertae_sedis.Otu0778","control","(8.71,15.3]",0.00189028619744051,0.00230362890874327,0.00151682294539437,0.714285714285714
"Lachnospiracea_incertae_sedis.Otu0778","control","(15.3,26.4]",0.00282633838944287,0.00242207011820718,0.00169839360271743,1
"Lachnospiracea_incertae_sedis.Otu0778","patient","[3.18,6.27]",0.000844353335441818,0.00108764207822077,0.000549148819330038,0.5
"Lachnospiracea_incertae_sedis.Otu0778","patient","(6.27,8.71]",0.000517030987002317,0.00107296174718167,2.21317280453258e-05,0.5
"Lachnospiracea_incertae_sedis.Otu0778","patient","(8.71,15.3]",0.00274517228322605,0.0054903445664521,0,0.25
"Lachnospiracea_incertae_sedis.Otu0778","patient","(15.3,26.4]",0.00269292084366941,0.00430091149152018,0.00108944329447652,0.777777777777778
"Clostridium_XI.Otu1804","control","[3.18,6.27]",0.00855908482102327,0.00702448556427352,0.00872830887803368,0.75
"Clostridium_XI.Otu1804","control","(6.27,8.71]",0.00703888419153114,0.00311703071387497,0.00703888419153114,1
"Clostridium_XI.Otu1804","control","(8.71,15.3]",0.00535216955062151,0.00409801292878785,0.0057372346528973,1
"Clostridium_XI.Otu1804","control","(15.3,26.4]",0.0114332887470299,0.0144948656118352,0.00696702275894101,1
"Clostridium_XI.Otu1804","patient","[3.18,6.27]",0.00232238015905822,0.00211877356601304,0.00240117542795372,1
"Clostridium_XI.Otu1804","patient","(6.27,8.71]",0.00809211550025121,0.0153540020716864,0.00198512889411003,0.833333333333333
"Clostridium_XI.Otu1804","patient","(8.71,15.3]",0.0181979978564822,0.0172177865998832,0.0191676731078905,0.75
"Clostridium_XI.Otu1804","patient","(15.3,26.4]",0.016079127384912,0.0371565301104776,0.00165494414563508,0.777777777777778
"Prevotella.Otu0738","control","[3.18,6.27]",0.000103626943005181,0.000207253886010363,0,0.25
"Prevotella.Otu0738","control","(6.27,8.71]",0,0,0,0
"Prevotella.Otu0738","control","(8.71,15.3]",0.000184189199145362,0.000487318815122779,0,0.142857142857143
"Prevotella.Otu0738","control","(15.3,26.4]",0.000226175976149643,0.000325066714415716,0,0.4
"Prevotella.Otu0738","patient","[3.18,6.27]",0,0,0,0
"Prevotella.Otu0738","patient","(6.27,8.71]",0,0,0,0
"Prevotella.Otu0738","patient","(8.71,15.3]",0,0,0,0
"Prevotella.Otu0738","patient","(15.3,26.4]",0.012495358467094,0.0321296581738129,0,0.333333333333333
"Parabacteroides.Otu1107","control","[3.18,6.27]",0.00028285738700263,0.000190417158831633,0.000358460887994898,0.75
"Parabacteroides.Otu1107","control","(6.27,8.71]",0.0018802041364491,0.00265901018979631,0.0018802041364491,0.5
"Parabacteroides.Otu1107","control","(8.71,15.3]",0.0012243054313399,0.00176823811507324,0.00034455036177788,0.571428571428571
"Parabacteroides.Otu1107","control","(15.3,26.4]",0.000711434103964699,0.000480549043873738,0.000990729601585167,0.8
"Parabacteroides.Otu1107","patient","[3.18,6.27]",0,0,0,0
"Parabacteroides.Otu1107","patient","(6.27,8.71]",0.00176752078643689,0.0033835816867694,0,0.333333333333333
"Parabacteroides.Otu1107","patient","(8.71,15.3]",0.00442834138486312,0.00885668276972625,0,0.25
"Parabacteroides.Otu1107","patient","(15.3,26.4]",0.00516060460433546,0.00997307677949513,0.000504456028249538,0.555555555555556
"Bacteroides.Otu1854","control","[3.18,6.27]",0.000408828823162712,0.000686476396245825,0.000103626943005181,0.5
"Bacteroides.Otu1854","control","(6.27,8.71]",0.00013430029546065,0.000189929299271165,0.00013430029546065,0.5
"Bacteroides.Otu1854","control","(8.71,15.3]",9.63470005135319e-05,0.000177965188578631,0,0.285714285714286
"Bacteroides.Otu1854","control","(15.3,26.4]",4.93831549565892e-05,7.72059026470549e-05,0,0.4
"Bacteroides.Otu1854","patient","[3.18,6.27]",0.00729317024994302,0.014586340499886,0,0.25
"Bacteroides.Otu1854","patient","(6.27,8.71]",0.000408145516048051,0.000957034435053208,0,0.333333333333333
"Bacteroides.Otu1854","patient","(8.71,15.3]",0.00193236714975845,0.00386473429951691,0,0.25
"Bacteroides.Otu1854","patient","(15.3,26.4]",0.000153869519114652,0.000371552512772139,0,0.222222222222222
"Megamonas.Otu2657","control","[3.18,6.27]",0,0,0,0
"Megamonas.Otu2657","control","(6.27,8.71]",0,0,0,0
"Megamonas.Otu2657","control","(8.71,15.3]",0.0045611316802922,0.0083064649679975,0,0.285714285714286
"Megamonas.Otu2657","control","(15.3,26.4]",0.0260701074511185,0.0582945324414248,0,0.2
"Megamonas.Otu2657","patient","[3.18,6.27]",0,0,0,0
"Megamonas.Otu2657","patient","(6.27,8.71]",0.00345489443378119,0.00846272847794572,0,0.166666666666667
"Megamonas.Otu2657","patient","(8.71,15.3]",0,0,0,0
"Megamonas.Otu2657","patient","(15.3,26.4]",1.21049254941836e-05,3.63147764825508e-05,0,0.111111111111111
"Lachnospiraceae.Otu2599","control","[3.18,6.27]",0.0016843199497415,0.00272804368992478,0.000489388504845605,0.75
"Lachnospiraceae.Otu2599","control","(6.27,8.71]",0.00189486367574234,0.00229988331054062,0.00189486367574234,1
"Lachnospiraceae.Otu2599","control","(8.71,15.3]",0.00106389139538851,0.000579605169957124,0.000918800964741013,1
"Lachnospiraceae.Otu2599","control","(15.3,26.4]",0.00162098781738844,0.00138435207960921,0.00120302880192485,1
"Lachnospiraceae.Otu2599","patient","[3.18,6.27]",0.00116602563240911,0.00127930075673883,0.000850626057798534,0.75
"Lachnospiraceae.Otu2599","patient","(6.27,8.71]",0.00114187536078745,0.00165788126861751,0.000208502058156873,0.666666666666667
"Lachnospiraceae.Otu2599","patient","(8.71,15.3]",0.0051145003279277,0.00971849495357006,0.00038424488152749,0.75
"Lachnospiraceae.Otu2599","patient","(15.3,26.4]",0.00301570783890251,0.00511839519497206,0.00124120810922631,0.888888888888889
"Streptococcus.Otu0749","control","[3.18,6.27]",0,0,0,0
"Streptococcus.Otu0749","control","(6.27,8.71]",0,0,0,0
"Streptococcus.Otu0749","control","(8.71,15.3]",0.0107556536127965,0.0284567846474129,0,0.142857142857143
"Streptococcus.Otu0749","control","(15.3,26.4]",0,0,0,0
"Streptococcus.Otu0749","patient","[3.18,6.27]",0,0,0,0
"Streptococcus.Otu0749","patient","(6.27,8.71]",0,0,0,0
"Streptococcus.Otu0749","patient","(8.71,15.3]",0.000378644452858766,0.000757288905717531,0,0.25
"Streptococcus.Otu0749","patient","(15.3,26.4]",1.21049254941836e-05,3.63147764825508e-05,0,0.111111111111111
"Catenibacterium.Otu2320","control","[3.18,6.27]",0,0,0,0
"Catenibacterium.Otu2320","control","(6.27,8.71]",0,0,0,0
"Catenibacterium.Otu2320","control","(8.71,15.3]",0,0,0,0
"Catenibacterium.Otu2320","control","(15.3,26.4]",0.0110491273992619,0.0223248039842379,0,0.4
"Catenibacterium.Otu2320","patient","[3.18,6.27]",0,0,0,0
"Catenibacterium.Otu2320","patient","(6.27,8.71]",0,0,0,0
"Catenibacterium.Otu2320","patient","(8.71,15.3]",0,0,0,0
"Catenibacterium.Otu2320","patient","(15.3,26.4]",0.0007118358894713,0.0021355076684139,0,0.111111111111111
"Bacteroides.Otu2520","control","[3.18,6.27]",0.0179052447959925,0.0331048223216111,0.00207253886010363,0.5
"Bacteroides.Otu2520","control","(6.27,8.71]",0.120870265914585,0.170936369344049,0.120870265914585,0.5
"Bacteroides.Otu2520","control","(8.71,15.3]",0.0468395225484437,0.0484243412415658,0.0266410912190963,1
"Bacteroides.Otu2520","control","(15.3,26.4]",0.0428840170504602,0.0753153076098668,0.00596099804138636,0.8
"Bacteroides.Otu2520","patient","[3.18,6.27]",0.169339027400634,0.207002068934414,0.108601324572598,0.75
"Bacteroides.Otu2520","patient","(6.27,8.71]",0.0413625213876807,0.0601589623074458,0.0133041957161231,0.666666666666667
"Bacteroides.Otu2520","patient","(8.71,15.3]",0.043581764417685,0.067273774530478,0.0149935302804381,1
"Bacteroides.Otu2520","patient","(15.3,26.4]",0.0338771962209825,0.0581278899594274,0.00553054662379421,1
"Bacteroides.Otu0069","control","[3.18,6.27]",0.00761693248580789,0.00879580190333321,0.00755803491092316,0.5
"Bacteroides.Otu0069","control","(6.27,8.71]",0.005372011818426,0.0075971719708466,0.005372011818426,0.5
"Bacteroides.Otu0069","control","(8.71,15.3]",0.00701624238697266,0.00413908860815669,0.00745840504876649,1
"Bacteroides.Otu0069","control","(15.3,26.4]",0.00365433572239882,0.00373309018674314,0.00204377075704675,0.8
"Bacteroides.Otu0069","patient","[3.18,6.27]",0.0084458940130842,0.00976527235841424,0.00813988543864938,0.5
"Bacteroides.Otu0069","patient","(6.27,8.71]",0.0177712119061286,0.0204300647184846,0.0134502443923202,0.833333333333333
"Bacteroides.Otu0069","patient","(8.71,15.3]",0.0178344360262854,0.0295109815869747,0.00475759144237405,0.75
"Bacteroides.Otu0069","patient","(15.3,26.4]",0.012530724765889,0.0114870961426112,0.0107617286026568,1
"Clostridium_XlVa.Otu0236","control","[3.18,6.27]",0.00301027193525732,0.00308572909577897,0.00305131586979484,0.75
"Clostridium_XlVa.Otu0236","control","(6.27,8.71]",0.0225927736037498,0.0296718552507939,0.0225927736037498,1
"Clostridium_XlVa.Otu0236","control","(8.71,15.3]",0.00428439550404864,0.00655470970462028,0.000918800964741013,1
"Clostridium_XlVa.Otu0236","control","(15.3,26.4]",0.00442757907463132,0.00515215634464275,0.00339678720543486,1
"Clostridium_XlVa.Otu0236","patient","[3.18,6.27]",0.00599718573056706,0.00483314955227956,0.00595438240458974,1
"Clostridium_XlVa.Otu0236","patient","(6.27,8.71]",0.003017292935306,0.00305207905165908,0.00210827481431997,0.833333333333333
"Clostridium_XlVa.Otu0236","patient","(8.71,15.3]",0.00238481445353557,0.00283595619507657,0.00135042845640672,1
"Clostridium_XlVa.Otu0236","patient","(15.3,26.4]",0.00449809828901,0.00707740906223814,0.00206868018204386,1
"Roseburia.Otu1051","control","[3.18,6.27]",0.0011267726840513,0.0012165468073167,0.00090389627686633,0.75
"Roseburia.Otu1051","control","(6.27,8.71]",0.00841120622472412,0.0111355247218372,0.00841120622472412,1
"Roseburia.Otu1051","control","(8.71,15.3]",0.00183175000287658,0.00115554727446447,0.00191815856777494,1
"Roseburia.Otu1051","control","(15.3,26.4]",0.00248621766733125,0.00176739317837876,0.00198145920317033,1
"Roseburia.Otu1051","patient","[3.18,6.27]",0.00370148219609642,0.00429176503584671,0.0024606250182225,0.75
"Roseburia.Otu1051","patient","(6.27,8.71]",0.00112649527291514,0.00141822904327047,0.000539691549574499,0.666666666666667
"Roseburia.Otu1051","patient","(8.71,15.3]",0.00426545028212888,0.00826543714083741,0.000200722601364914,0.5
"Roseburia.Otu1051","patient","(15.3,26.4]",0.00207472599828692,0.00279764418850272,0.00121222616676769,0.888888888888889
"Bacteroides.Otu1669","control","[3.18,6.27]",0.00174763639188817,0.00335852489331948,0.000103626943005181,0.5
"Bacteroides.Otu1669","control","(6.27,8.71]",0.00228310502283105,0.00322879808760981,0.00228310502283105,0.5
"Bacteroides.Otu1669","control","(8.71,15.3]",0.00167976816037013,0.00156168807700971,0.00100401606425703,1
"Bacteroides.Otu1669","control","(15.3,26.4]",0.00127250881229829,0.00212163422098845,0.000170314229753896,0.6
"Bacteroides.Otu1669","patient","[3.18,6.27]",0.00453291899059443,0.00451943800636582,0.00367193081716851,0.75
"Bacteroides.Otu1669","patient","(6.27,8.71]",0.000991227222339715,0.00156525220240818,0.00021717580961615,0.666666666666667
"Bacteroides.Otu1669","patient","(8.71,15.3]",0.00128824476650564,0.00257648953301127,0,0.25
"Bacteroides.Otu1669","patient","(15.3,26.4]",0.000844607870422822,0.000942655310750847,0.000413736036408771,0.777777777777778
"Bacteroides.Otu0877","control","[3.18,6.27]",0.000678758641409968,0.000684410717262552,0.000643486579499693,0.75
"Bacteroides.Otu0877","control","(6.27,8.71]",0.00067150147730325,0.000949646496355825,0.00067150147730325,0.5
"Bacteroides.Otu0877","control","(8.71,15.3]",0.00443413405651199,0.00649350383277543,0.00103419746276889,0.857142857142857
"Bacteroides.Otu0877","control","(15.3,26.4]",0.00134357888912205,0.00197283050591013,0.00017614937466972,0.6
"Bacteroides.Otu0877","patient","[3.18,6.27]",0.00705794156494061,0.0108673951877104,0.00253037830575298,0.75
"Bacteroides.Otu0877","patient","(6.27,8.71]",0.0084114247876081,0.0177353186033865,0.00133165124754696,0.666666666666667
"Bacteroides.Otu0877","patient","(8.71,15.3]",0.00370317431094941,0.00244227402995578,0.00434330093974379,1
"Bacteroides.Otu0877","patient","(15.3,26.4]",0.00155133672043172,0.00183436403655542,0.000672404518558365,0.777777777777778
"Lachnospiracea_incertae_sedis.Otu0651","control","[3.18,6.27]",0.000981792217065334,0.00196358443413067,0,0.25
"Lachnospiracea_incertae_sedis.Otu0651","control","(6.27,8.71]",0.0012831825765228,0.000675118407092398,0.0012831825765228,1
"Lachnospiracea_incertae_sedis.Otu0651","control","(8.71,15.3]",0.0014374864234286,0.00299272926714622,0.000413678985107557,0.857142857142857
"Lachnospiracea_incertae_sedis.Otu0651","control","(15.3,26.4]",0.00501336487257883,0.00968748150475153,0.000352547153181738,1
"Lachnospiracea_incertae_sedis.Otu0651","patient","[3.18,6.27]",0.00347238613504233,0.00489202668406738,0.00159057128161678,0.75
"Lachnospiracea_incertae_sedis.Otu0651","patient","(6.27,8.71]",0.00025193378003848,0.00046368320010405,0,0.333333333333333
"Lachnospiracea_incertae_sedis.Otu0651","patient","(8.71,15.3]",0.00152979066022544,0.00305958132045089,0,0.25
"Lachnospiracea_incertae_sedis.Otu0651","patient","(15.3,26.4]",0.000362853270222802,0.000405560777182037,0.000121410793419535,0.666666666666667
"Prevotella.Otu2501","control","[3.18,6.27]",5.18134715025907e-05,0.000103626943005181,0,0.25
"Prevotella.Otu2501","control","(6.27,8.71]",0,0,0,0
"Prevotella.Otu2501","control","(8.71,15.3]",0.000184189199145362,0.000487318815122779,0,0.142857142857143
"Prevotella.Otu2501","control","(15.3,26.4]",0.000711969999331782,0.000904407720520706,0.00017614937466972,0.6
"Prevotella.Otu2501","patient","[3.18,6.27]",0,0,0,0
"Prevotella.Otu2501","patient","(6.27,8.71]",0,0,0,0
"Prevotella.Otu2501","patient","(8.71,15.3]",0.000283983339644074,0.000567966679288148,0,0.25
"Prevotella.Otu2501","patient","(15.3,26.4]",0.00557513962171991,0.0107340500326477,0,0.333333333333333
"Bacteroides.Otu2038","control","[3.18,6.27]",0.00362742887848802,0.00426077957308269,0.00314918121288465,0.5
"Bacteroides.Otu2038","control","(6.27,8.71]",0.0679272806460033,0.0937845299534474,0.0679272806460033,1
"Bacteroides.Otu2038","control","(8.71,15.3]",0.00644450437132219,0.0115359475952872,0.00270758122743682,0.857142857142857
"Bacteroides.Otu2038","control","(15.3,26.4]",0.00699910462942681,0.0138968618655469,0.00017614937466972,1
"Bacteroides.Otu2038","patient","[3.18,6.27]",0.00735854545721524,0.00945161185754515,0.00482363581549593,0.5
"Bacteroides.Otu2038","patient","(6.27,8.71]",0.0582686215838947,0.110508265123549,0.0126222710256834,0.833333333333333
"Bacteroides.Otu2038","patient","(8.71,15.3]",0.000768744054614866,0.000569276166832238,0.000545275477340695,1
"Bacteroides.Otu2038","patient","(15.3,26.4]",0.0245706745734986,0.0505255337483432,0.00658956428187197,1
"Bacteroides.Otu0929","control","[3.18,6.27]",0.00381701607352618,0.00651475552350603,0.000850740465510055,0.75
"Bacteroides.Otu0929","control","(6.27,8.71]",0.00013430029546065,0.000189929299271165,0.00013430029546065,0.5
"Bacteroides.Otu0929","control","(8.71,15.3]",0.0102420879194109,0.00983251259177488,0.00461941533370105,1
"Bacteroides.Otu0929","control","(15.3,26.4]",0.0102712786438856,0.0123798024149767,0.00468364131823214,0.8
"Bacteroides.Otu0929","patient","[3.18,6.27]",0.0608966026955082,0.10674236647439,0.0115515799105113,0.75
"Bacteroides.Otu0929","patient","(6.27,8.71]",0.0236186523742054,0.0273320387679404,0.017954690539072,0.833333333333333
"Bacteroides.Otu0929","patient","(8.71,15.3]",0.0022799488152749,0.00304802903297604,0.00133928571428571,0.5
"Bacteroides.Otu0929","patient","(15.3,26.4]",0.0148730654203002,0.0281407095988394,0.00372362432767894,0.777777777777778
"Bacteroides.Otu0786","control","[3.18,6.27]",0.000676590336907803,0.00121893318684924,0.000103626943005181,0.5
"Bacteroides.Otu0786","control","(6.27,8.71]",0.00335750738651625,0.00474823248177913,0.00335750738651625,0.5
"Bacteroides.Otu0786","control","(8.71,15.3]",0.00179603333141852,0.00340544346867535,0,0.428571428571429
"Bacteroides.Otu0786","control","(15.3,26.4]",0.000113226240181162,0.000253181569881796,0,0.2
"Bacteroides.Otu0786","patient","[3.18,6.27]",0,0,0,0
"Bacteroides.Otu0786","patient","(6.27,8.71]",0.000879776067050912,0.00155983332691617,0,0.333333333333333
"Bacteroides.Otu0786","patient","(8.71,15.3]",0.000978943811824247,0.0012380980832673,0.000669642857142857,0.5
"Bacteroides.Otu0786","patient","(15.3,26.4]",0.0337828114875136,0.0818756129461189,0.00259762750021647,0.777777777777778
"Prevotella.Otu0882","control","[3.18,6.27]",0.000207253886010363,0.000414507772020725,0,0.25
"Prevotella.Otu0882","control","(6.27,8.71]",0,0,0,0
"Prevotella.Otu0882","control","(8.71,15.3]",0.00418109482059972,0.0110621371032871,0,0.142857142857143
"Prevotella.Otu0882","control","(15.3,26.4]",0.00121278179897062,0.00242072802544458,0.00017614937466972,0.6
"Prevotella.Otu0882","patient","[3.18,6.27]",0.00466133942161339,0.00932267884322679,0,0.25
"Prevotella.Otu0882","patient","(6.27,8.71]",0,0,0,0
"Prevotella.Otu0882","patient","(8.71,15.3]",0,0,0,0
"Prevotella.Otu0882","patient","(15.3,26.4]",0.00242053949672996,0.00368709717298013,0,0.333333333333333
"Blautia.Otu0620","control","[3.18,6.27]",0.00129556411875043,0.00102477069752625,0.00134157450669044,0.75
"Blautia.Otu0620","control","(6.27,8.71]",0.00102587219529911,0.000828349219400517,0.00102587219529911,1
"Blautia.Otu0620","control","(8.71,15.3]",0.00167536189498653,0.0021076909345795,0.000644662197008767,0.857142857142857
"Blautia.Otu0620","control","(15.3,26.4]",0.00114674697784427,0.00087426726264789,0.000774113639882335,1
"Blautia.Otu0620","patient","[3.18,6.27]",0.000257367483368956,0.000256306589487204,0.000213257728269416,0.75
"Blautia.Otu0620","patient","(6.27,8.71]",0.00453095287959613,0.0100291710993102,0.000569268334689073,0.666666666666667
"Blautia.Otu0620","patient","(8.71,15.3]",0.00196529193436011,0.00324442947069331,0.000522783792991323,0.75
"Blautia.Otu0620","patient","(15.3,26.4]",0.00152549512029666,0.00170928161007193,0.000771704180064309,0.888888888888889
"Bacteroides.Otu2383","control","[3.18,6.27]",0.000178507675830061,0.000357015351660121,0,0.25
"Bacteroides.Otu2383","control","(6.27,8.71]",0,0,0,0
"Bacteroides.Otu2383","control","(8.71,15.3]",0.0010595775649289,0.000940442175789584,0.000909297567629007,1
"Bacteroides.Otu2383","control","(15.3,26.4]",0.00231548412121711,0.00352749732425505,0.000510942689261688,0.6
"Bacteroides.Otu2383","patient","[3.18,6.27]",0.000876694776065136,0.00129665081467323,0.000380517503805175,0.5
"Bacteroides.Otu2383","patient","(6.27,8.71]",0.00317214561637871,0.00560352945465176,0.00102608808240853,0.666666666666667
"Bacteroides.Otu2383","patient","(8.71,15.3]",0.000161030595813205,0.000322061191626409,0,0.25
"Bacteroides.Otu2383","patient","(15.3,26.4]",0.00237639781546031,0.00480838924487295,9.706853038245e-05,0.555555555555556
"Lachnospiraceae.Otu1734","control","[3.18,6.27]",0.00103866506573964,0.00117105538705697,0.000817657646325424,0.75
"Lachnospiraceae.Otu1734","control","(6.27,8.71]",0.000843041731452373,5.26652546394516e-05,0.000843041731452373,1
"Lachnospiraceae.Otu1734","control","(8.71,15.3]",0.00107044160829724,0.000516843738212602,0.00103145951521403,1
"Lachnospiraceae.Otu1734","control","(15.3,26.4]",0.00158085915022067,0.001204410978063,0.00106149600169839,1
"Lachnospiraceae.Otu1734","patient","[3.18,6.27]",0.000886677385978194,0.00102899513349548,0.000823723228995058,0.5
"Lachnospiraceae.Otu1734","patient","(6.27,8.71]",0.000532101841745033,0.000578235042936818,0.000457768855856953,0.666666666666667
"Lachnospiraceae.Otu1734","patient","(8.71,15.3]",0.000283983339644074,0.000567966679288148,0,0.25
"Lachnospiraceae.Otu1734","patient","(15.3,26.4]",0.00380318328595715,0.00748694139618665,0.000849875553936745,1
"Faecalibacterium.Otu0067","control","[3.18,6.27]",0.0430524123835869,0.039080080596073,0.0456153520300855,0.75
"Faecalibacterium.Otu0067","control","(6.27,8.71]",0.0103060699004665,0.0134354080323778,0.0103060699004665,1
"Faecalibacterium.Otu0067","control","(8.71,15.3]",0.0159818815628177,0.0075075494297567,0.0155583972719523,1
"Faecalibacterium.Otu0067","control","(15.3,26.4]",0.0314248310288412,0.0228913569791313,0.0311193683232699,1
"Faecalibacterium.Otu0067","patient","[3.18,6.27]",0.022462393346134,0.0134665597309091,0.0245151692958107,1
"Faecalibacterium.Otu0067","patient","(6.27,8.71]",0.011519103749417,0.0153523566544767,0.00554300377658847,0.833333333333333
"Faecalibacterium.Otu0067","patient","(8.71,15.3]",0.0185577698187924,0.0162237267151822,0.0166009550646417,1
"Faecalibacterium.Otu0067","patient","(15.3,26.4]",0.0192704954935779,0.0258803000880752,0.0109298806120733,1
"Bacteroides.Otu2625","control","[3.18,6.27]",0.000296507723925393,0.000392878018471244,0.000178507675830061,0.5
"Bacteroides.Otu2625","control","(6.27,8.71]",0.0002686005909213,0.00037985859854233,0.0002686005909213,0.5
"Bacteroides.Otu2625","control","(8.71,15.3]",0.0142430880248742,0.0237618395311656,0.00417582417582418,0.857142857142857
"Bacteroides.Otu2625","control","(15.3,26.4]",0.00110321225024081,0.00153065195909352,0.000778430401245489,0.6
"Bacteroides.Otu2625","patient","[3.18,6.27]",0.0530477735467981,0.0885448505772646,0.013542034883768,0.75
"Bacteroides.Otu2625","patient","(6.27,8.71]",0.0202729593297848,0.0317555747176543,0.000151423379769836,0.5
"Bacteroides.Otu2625","patient","(8.71,15.3]",0.000483091787439614,0.000966183574879227,0,0.25
"Bacteroides.Otu2625","patient","(15.3,26.4]",0.0125552508803565,0.0347301980763005,0.00106775383420695,0.888888888888889
"Bacteroides.Otu0661","control","[3.18,6.27]",0.00334810307406472,0.00634140840089659,0.000269929818247256,0.5
"Bacteroides.Otu0661","control","(6.27,8.71]",0,0,0,0
"Bacteroides.Otu0661","control","(8.71,15.3]",0.0112262393414359,0.0119422713505154,0.00631095811818703,1
"Bacteroides.Otu0661","control","(15.3,26.4]",0.00765968744795352,0.00951193422466634,0.00332112748020097,0.8
"Bacteroides.Otu0661","patient","[3.18,6.27]",0.0189498498466094,0.0315718351840143,0.00481348332858403,0.75
"Bacteroides.Otu0661","patient","(6.27,8.71]",0.022733706270912,0.0305737611566924,0.0126246768172995,0.833333333333333
"Bacteroides.Otu0661","patient","(8.71,15.3]",0.00202564268461008,0.0032209107097003,0.000669642857142857,0.5
"Bacteroides.Otu0661","patient","(15.3,26.4]",0.010963883715611,0.0191471424797888,0.00102893890675241,0.777777777777778
"Prevotella.Otu1803","control","[3.18,6.27]",0.000466321243523316,0.000932642487046632,0,0.25
"Prevotella.Otu1803","control","(6.27,8.71]",0,0,0,0
"Prevotella.Otu1803","control","(8.71,15.3]",0.00653871656966036,0.0172998179368586,0,0.142857142857143
"Prevotella.Otu1803","control","(15.3,26.4]",0.0140541223436697,0.0199017046329376,0.00158534437202748,0.8
"Prevotella.Otu1803","patient","[3.18,6.27]",0.00104642313546423,0.00209284627092846,0,0.25
"Prevotella.Otu1803","patient","(6.27,8.71]",7.37724268177526e-06,1.80704802790308e-05,0,0.166666666666667
"Prevotella.Otu1803","patient","(8.71,15.3]",0,0,0,0
"Prevotella.Otu1803","patient","(15.3,26.4]",0.00569838805586506,0.00959289338666364,0,0.444444444444444
"Megamonas.Otu1877","control","[3.18,6.27]",0,0,0,0
"Megamonas.Otu1877","control","(6.27,8.71]",0,0,0,0
"Megamonas.Otu1877","control","(8.71,15.3]",0.0145969584745095,0.0386199220214889,0,0.142857142857143
"Megamonas.Otu1877","control","(15.3,26.4]",0,0,0,0
"Megamonas.Otu1877","patient","[3.18,6.27]",0,0,0,0
"Megamonas.Otu1877","patient","(6.27,8.71]",0.00473448496481126,0.0115970723586664,0,0.166666666666667
"Megamonas.Otu1877","patient","(8.71,15.3]",0,0,0,0
"Megamonas.Otu1877","patient","(15.3,26.4]",0,0,0,0
"Bacteroidales.Otu1168","control","[3.18,6.27]",0,0,0,0
"Bacteroidales.Otu1168","control","(6.27,8.71]",0,0,0,0
"Bacteroidales.Otu1168","control","(8.71,15.3]",0.000965878858581746,0.00229832514938647,0,0.428571428571429
"Bacteroidales.Otu1168","control","(15.3,26.4]",9.5991937141366e-05,0.000140370033543669,0,0.4
"Bacteroidales.Otu1168","patient","[3.18,6.27]",0.0129932043726589,0.0255860179308198,0.000301477238468496,0.5
"Bacteroidales.Otu1168","patient","(6.27,8.71]",5.16406987724268e-05,0.000126493361953215,0,0.166666666666667
"Bacteroidales.Otu1168","patient","(8.71,15.3]",0,0,0,0
"Bacteroidales.Otu1168","patient","(15.3,26.4]",0.00310354517728099,0.00800099335759037,0.000128617363344051,0.555555555555556
"Bacteroides.Otu2534","control","[3.18,6.27]",0,0,0,0
"Bacteroides.Otu2534","control","(6.27,8.71]",0,0,0,0
"Bacteroides.Otu2534","control","(8.71,15.3]",9.84949964541801e-06,2.60593266001949e-05,0,0.142857142857143
"Bacteroides.Otu2534","control","(15.3,26.4]",0,0,0,0
"Bacteroides.Otu2534","patient","[3.18,6.27]",0,0,0,0
"Bacteroides.Otu2534","patient","(6.27,8.71]",0.012341654070131,0.0244168055016135,0,0.333333333333333
"Bacteroides.Otu2534","patient","(8.71,15.3]",0.000100361300682457,0.000200722601364914,0,0.25
"Bacteroides.Otu2534","patient","(15.3,26.4]",0.000796951150443654,0.00218690136540076,0,0.333333333333333
"Bacteria.Otu0435","control","[3.18,6.27]",0,0,0,0
"Bacteria.Otu0435","control","(6.27,8.71]",0,0,0,0
"Bacteria.Otu0435","control","(8.71,15.3]",0,0,0,0
"Bacteria.Otu0435","control","(15.3,26.4]",0,0,0,0
"Bacteria.Otu0435","patient","[3.18,6.27]",0.0200372255564841,0.0400744511129682,0,0.25
"Bacteria.Otu0435","patient","(6.27,8.71]",0,0,0,0
"Bacteria.Otu0435","patient","(8.71,15.3]",0,0,0,0
"Bacteria.Otu0435","patient","(15.3,26.4]",0,0,0,0
"Bacteroides.Otu0801","control","[3.18,6.27]",0,0,0,0
"Bacteroides.Otu0801","control","(6.27,8.71]",0,0,0,0
"Bacteroides.Otu0801","control","(8.71,15.3]",0.00359316805854075,0.00950662910175959,0,0.142857142857143
"Bacteroides.Otu0801","control","(15.3,26.4]",0,0,0,0
"Bacteroides.Otu0801","patient","[3.18,6.27]",0,0,0,0
"Bacteroides.Otu0801","patient","(6.27,8.71]",0,0,0,0
"Bacteroides.Otu0801","patient","(8.71,15.3]",0,0,0,0
"Bacteroides.Otu0801","patient","(15.3,26.4]",0,0,0,0
