"Bacteroides.Otu0001"	"Bacteroides.Otu2520"	"Bacteroides.Otu0848"	"Faecalibacterium.Otu0067"	"Bacteroides.Otu2038"	"Parabacteroides.Otu1736"	"Prevotella.Otu1987"	"Bacteroides.Otu2654"	"Bacteroides.Otu2065"	"Bacteroides.Otu0863"	"Bacteroides.Otu0929"	"Bacteroides.Otu2431"	"Bacteroides.Otu0786"	"Lactobacillus.Otu1332"	"Bacteroides.Otu1201"	"Bacteroides.Otu2625"	"Bacteroides.Otu2765"	"Bacteroides.Otu0069"	"Clostridium_XI.Otu1804"	"Erysipelotrichaceae_incertae_sedis.Otu0818"	"Enterococcus.Otu1019"	"Bacteroides.Otu0661"	"Bacteroides.Otu2343"	"Bacteroides.Otu0006"	"Lachnospiracea_incertae_sedis.Otu0778"	"Blautia.Otu2475"	"Alistipes.Otu2508"	"Prevotella.Otu1633"	"Alistipes.Otu1466"	"Lachnospiracea_incertae_sedis.Otu0651"	"Faecalibacterium.Otu0751"	"Escherichia_Shigella.Otu2393"	"Bacteroides.Otu2104"	"Roseburia.Otu1051"	"Lachnospiraceae.Otu2222"	"Bacteroides.Otu2437"	"Lachnospiraceae.Otu2512"	"Lachnospiraceae.Otu0898"	"Parabacteroides.Otu1378"	"Haemophilus.Otu1497"	"Bacteroides.Otu0480"	"Bacteroides.Otu2216"	"Megamonas.Otu2657"	"Bacteroides.Otu0877"	"Clostridiales.Otu0562"	"Sutterella.Otu0171"	"Lachnospiraceae.Otu0220"	"Lachnospiracea_incertae_sedis.Otu0113"	"Roseburia.Otu2084"	"Bacteroides.Otu2375"	"Prevotella.Otu2602"	"Akkermansia.Otu1935"	"Bacteroides.Otu2069"	"Prevotella.Otu1803"	"Lachnospiraceae.Otu2599"	"Dorea.Otu1142"	"Clostridium_XlVa.Otu0236"	"Lachnospiraceae.Otu1734"	"Parabacteroides.Otu1107"	"Clostridiaceae_1.Otu1955"	"Veillonella.Otu0362"	"Clostridium_XI.Otu2681"	"Prevotella.Otu1319"	"Bacteroides.Otu2120"	"Bacteroides.Otu1976"	"Bacteroides.Otu2523"	"Turicibacter.Otu0468"	"Klebsiella.Otu1452"	"Prevotella.Otu1994"	"Roseburia.Otu2728"	"Bacteroides.Otu0200"	"Bacteroides.Otu0775"	"Sutterella.Otu1997"	"Lachnospiraceae.Otu0790"	"Prevotella.Otu2501"	"Lachnospiraceae.Otu0033"	"Parabacteroides.Otu1655"	"Lachnospiraceae.Otu0491"	"Bacteroides.Otu2460"	"Bacteroides.Otu2534"	"Lachnospiraceae.Otu2076"	"Bacteroides.Otu2416"	"Lachnospiracea_incertae_sedis.Otu2746"	"Clostridium_XlVa.Otu1856"	"Bacteroidales.Otu0696"	"Bacteroides.Otu1669"	"Prevotella.Otu0738"	"Roseburia.Otu2637"	"Phascolarctobacterium.Otu1814"	"Blautia.Otu0591"	"Bacteroides.Otu0312"	"Gemmiger.Otu0907"	"Blautia.Otu0620"	"Lachnospiracea_incertae_sedis.Otu1990"	"Prevotella.Otu0634"	"Bacteroides.Otu1411"	"Prevotella.Otu2327"	"Clostridiales.Otu1597"	"Barnesiella.Otu2015"	"Bacteroides.Otu2383"	"Bacteroides.Otu0763"	"Bacteroides.Otu0752"	"Prevotella.Otu0773"	"Bacteria.Otu0435"	"Bacteroides.Otu1883"	"Prevotella.Otu0882"	"Bacteroides.Otu1352"	"Burkholderiales.Otu0023"	"Prevotella.Otu2227"	"Bacteroides.Otu0399"	"Parabacteroides.Otu0538"	"Bacteroides.Otu0883"	"other"
0.0332496320027708	0.100268421508356	0.00588795566715733	0.00614771841717898	0.157849164429821	0	0	0.00225127716685427	0	0.160013854013334	0.087540046757295	0.0298727162524894	0.00259762750021647	0	0.0268421508355702	0.00121222616676769	0.00103905100008659	0.00207810200017318	0.00086587583340549	0.000952463416746039	0	0.0582734435881895	0.00251103991687592	0.0200883193350074	0.0129881375010823	0.0106502727508875	0.000519525500043294	0	0.0083124080006927	8.6587583340549e-05	0.00337691575028141	0	0.00121222616676769	0.00121222616676769	0	0	0.000173175166681098	0.00086587583340549	0	0.000259762750021647	0	0	0	0.00372326608364361	0	0	0.000519525500043294	0.000346350333362196	0.00337691575028141	0.00735994458394666	0	0	0.00103905100008659	0	8.6587583340549e-05	0.000346350333362196	0.00519525500043294	0.000173175166681098	0	8.6587583340549e-05	0	0	0	0	0	0	8.6587583340549e-05	0	0	0	0	8.6587583340549e-05	0	0.00311715300025976	0	0.00874534591739545	0	8.6587583340549e-05	0.00121222616676769	0	0.00199151441683263	0	0	0.00112563858342714	0	0.00216468958351372	0	0.00121222616676769	0	0.00138540133344878	0.0138540133344878	0.00744653216728721	0.0045891419170491	8.6587583340549e-05	0	8.6587583340549e-05	0	0	0	0.0147198891678933	0.00147198891678933	0.000606113083383843	0	0	0	0	0.00173175166681098	0	0	0	0	0	0.172742228764395
0	0	0	0.10505671578501	0	0	0	0.000106010813102936	0	0.0131453408247641	0.0782359800699671	0.0165376868440581	0	0	0.0605321742817767	0	0.000212021626205873	0	0.0239584437612636	0.00212021626205873	0	0.0460086928866744	0	0	0.0460086928866744	0.0162196544047493	0.000106010813102936	0	0.00265027032757341	0.0319092547439839	0.01335736245097	0.000318032439308809	0.00169617300964698	0.0249125410791901	0.0354076115763808	0	0.0124032651330436	0.0122972543199406	0	0.0031803243930881	0	0	0	0	0.000742075691720556	0	0.0272447789674547	0.00826884342202905	0.0134633732640729	0	0	0	0	0	0.0164316760309552	0.00371037845860278	0.00773878935651436	0.0220502491254108	0	0.000636064878617619	0.000424043252411746	0.0011661189441323	0	0	0	0	0	0	0	0.00572458390755857	0	0	0	0.0169617300964698	0	0.00911692992685254	0	0.00636064878617619	0.00212021626205873	0	0.0113431570020142	0	0.00222622707516167	0.000848086504823492	0	0	0	0.00286229195377929	0	0.00275628114067635	0	0	0.0023322378882646	0.00466447577652921	0	0.000636064878617619	0	0	0	0.00689070285169087	0	0.000318032439308809	0	0	0	0	0.000106010813102936	0	0	0	0	0	0.276476200572458
7.69171602184447e-05	0	0.000153834320436889	0.0619952311360665	0	0	7.69171602184447e-05	0.000153834320436889	0	0.104607337897085	0.0185370356126452	0.000692254441966003	0	0	0.387585570340743	0	0.0162295208060918	0	0.00915314206599492	0.00207676332589801	0	0.00138450888393201	0	0	0.0178447811706792	0.011076071071456	0.000307668640873779	0	0.00576878701638335	0.0356895623413584	0.00984539650796093	0.0253826628720868	0.00869163910468426	0.0142296746404123	0.0145373432812861	0	0.00961464502730559	0.00823013614337359	0	0.000846088762402892	0	0	0	0	0	0	0.00723021306053381	0.00615337281747558	0.00484578109376202	0	0	0	0	0	0.00446119529266979	0.00161526036458734	0.00684562725944158	0.00723021306053381	0	0	0	0.00115375740327667	0	0	0	0	7.69171602184447e-05	0.000230751480655334	0	0.00484578109376202	0	0	0	0.0127682485962618	0	0.00176909468502423	0	0.00299976924851934	0.000230751480655334	0	0.0150757634028152	0	0.000384585801092224	0.00130759172371356	0	0	0	0.0051534497346358	0	0.00176909468502423	0	0	0.00207676332589801	0.000230751480655334	0	7.69171602184447e-05	0	0	0	0.000230751480655334	0	0	0	0	0	0	0.00238443196677179	0	0	0	0	0	0.144065841089147
0.227999690952639	0.134358340415669	0.0164181410801205	0.0189291508923743	0.0216333153055706	0	3.86309201885189e-05	0.0159932009580468	3.86309201885189e-05	0.00150660588735224	0.0488294831182879	0.0535038244610987	0	0	0.00687630379355636	0.0367380050992815	0.0250714672023488	0.0465888897473538	0.00100440392490149	0.00104303484509001	0	0.0263849184887584	0	0.0318705091555281	0	0.00679904195317932	0.0136367148265472	0	0.0280460480568647	3.86309201885189e-05	0.00730124391563007	3.86309201885189e-05	0.00942594452599861	0.000193154600942594	0	0.0273506914934714	0	0.00189291508923743	0	0.000772618403770378	3.86309201885189e-05	0	0	0.00444255582167967	0	0	3.86309201885189e-05	3.86309201885189e-05	3.86309201885189e-05	0.0130186201035309	0	0.00343815189677818	0	0	3.86309201885189e-05	0	0.000270416441319632	0.000154523680754076	0	0.000270416441319632	7.72618403770378e-05	3.86309201885189e-05	0	0.00320636637564707	0	0	0	3.86309201885189e-05	0	0.000193154600942594	0	0.0117051688171212	0	0	0	0	0	0	0.00579463802827783	0.00374719925828633	0	0.00231785521131113	0.00254964073244225	7.72618403770378e-05	0	0.00436529398130263	0	0	0.00390172293904041	0.00112029668546705	0	0.000386309201885189	0.000540832882639265	0.00316773545545855	3.86309201885189e-05	0.00579463802827783	0	0	0	0.000154523680754076	0.00274279533338484	0.004094877539983	0	0	7.72618403770378e-05	0	0.00185428416904891	0	0	0.000309047361508151	0	7.72618403770378e-05	0.109518658734451
0.236278328611898	0.150362960339943	0.0111986543909348	0.00447060906515581	0.0216448300283286	0.000132790368271955	0	0.0343927053824363	4.42634560906516e-05	0.0013721671388102	0.0328877478753541	0.0205382436260623	0	0	0.0219104107648725	0.0520980878186969	0.0177496458923513	0.0555949008498584	0	0.000531161473087819	0	0.0187234419263456	4.42634560906516e-05	0.0283728753541076	4.42634560906516e-05	0.0013721671388102	0.0308958923512748	0	0.0192546033994334	0	0.00181480169971671	0	0.00606409348441926	0.000221317280453258	0.000132790368271955	0.00553293201133144	0.000132790368271955	0.000486898016997167	0	0	0	0	0	0.00327549575070822	0	4.42634560906516e-05	8.85269121813031e-05	0.000619688385269122	0.00349681303116147	0.0101805949008499	0	8.85269121813031e-05	0	4.42634560906516e-05	0.000265580736543909	0.000619688385269122	0.00199185552407932	0.000309844192634561	0	0	0	0	0	0.00331975920679887	0	0	0	0	0	0	0	0.00256728045325779	0	0.00433781869688385	0	4.42634560906516e-05	0	0.000663951841359773	0.00730347025495751	0.0130134560906516	0	0.00314270538243626	8.85269121813031e-05	0.000531161473087819	0	0.00393944759206799	0	0	0.00141643059490085	0.000309844192634561	0	0.00110658640226629	0.00106232294617564	4.42634560906516e-05	0	0.0170856940509915	4.42634560906516e-05	0	0	0.000132790368271955	0.00314270538243626	0.00677230878186969	0	0	4.42634560906516e-05	0	0.00309844192634561	0	0	0.000442634560906516	0	0	0.131019830028329
0.0214285714285714	0.0147321428571429	0.00892857142857143	0.000892857142857143	0.000446428571428571	0.0133928571428571	0	0	0	0.239732142857143	0.00267857142857143	0.0174107142857143	0.00133928571428571	0	0.0348214285714286	0	0.003125	0.00178571428571429	0.03125	0	0	0.00133928571428571	0.00133928571428571	0.00267857142857143	0	0.000892857142857143	0.216964285714286	0.000446428571428571	0.0196428571428571	0	0	0.000446428571428571	0.00133928571428571	0	0	0.00491071428571429	0	0.000446428571428571	0.0138392857142857	0	0.01875	0	0	0.000446428571428571	0.000446428571428571	0.00401785714285714	0	0	0	0.000446428571428571	0	0.0294642857142857	0.003125	0	0.000446428571428571	0.00446428571428571	0.000446428571428571	0	0	0.00133928571428571	0	0.009375	0	0	0	0.0263392857142857	0.0111607142857143	0.000446428571428571	0	0.000446428571428571	0.00133928571428571	0.00223214285714286	0	0	0	0	0	0	0	0	0	0.000446428571428571	0.000892857142857143	0.000446428571428571	0	0	0	0.000446428571428571	0.0138392857142857	0	0	0	0	0.000446428571428571	0.0160714285714286	0	0	0	0	0	0.000446428571428571	0	0	0	0	0	0	0	0	0	0	0	0.195982142857143
0	0.000378644452858766	0.000378644452858766	0.0401363120030292	0.000378644452858766	0.000757288905717531	0.00151457781143506	0	0	0.0117379780386217	0	0	0	0.000757288905717531	0.00416508898144642	0	0.00340780007572889	0	0.0344566452101477	0.385460053010223	0.000757288905717531	0	0	0	0.0109806891329042	0.0261264672472548	0	0.0155244225672094	0	0	0.0117379780386217	0.00265051117001136	0.00265051117001136	0.0166603559257857	0.00567966679288148	0	0.000757288905717531	0.00984475577432791	0.000757288905717531	0.0011359333585763	0	0	0	0.00567966679288148	0	0.0011359333585763	0.0011359333585763	0.0011359333585763	0.00227186671715259	0	0	0	0	0	0.0196895115486558	0.00302915562287012	0.00643695569859902	0.0011359333585763	0	0	0	0	0	0.000378644452858766	0	0	0	0	0	0	0	0	0	0.000757288905717531	0.0011359333585763	0.0011359333585763	0.000378644452858766	0.000757288905717531	0	0	0.000378644452858766	0	0	0.0011359333585763	0.00189322226429383	0	0	0.000757288905717531	0	0.00605831124574025	0	0.000757288905717531	0.00681560015145778	0	0	0	0	0	0	0	0.000378644452858766	0	0	0	0	0	0.000757288905717531	0	0	0	0	0	0.346081029912912
0.0383490412739682	0	0.00048748781280468	0.123659408514787	0.281442963925902	0.00146246343841404	0	0	0	0	0	0.00016249593760156	0	0	0	0	0.00032499187520312	0.00064998375040624	0.00958726031849204	0.00227494312642184	0	0	0	0.0287617809554761	0.0097497562560936	0.0191745206369841	0	0	0	0.00779980500487488	0.0430614234644134	0.00064998375040624	0.00016249593760156	0.0134871628209295	0.0323366915827104	0	0.00097497562560936	0.00227494312642184	0	0	0	0	0	0	0	0	0.0373740656483588	0.00194995125121872	0.00438739031524212	0.00016249593760156	0	0	0	0	0.00633734156646084	0.00194995125121872	0.00308742281442964	0.00503737406564836	0	0	0.00016249593760156	0.012187195320117	0	0	0	0	0	0	0	0.00032499187520312	0	0	0	0.00422489437764056	0	0	0	0	0	0	0.0120246993825154	0	0.0355866103347416	0.00032499187520312	0	0	0	0.0250243743906402	0	0.00048748781280468	0.0242118947026324	0.00389990250243744	0.00194995125121872	0.00536236594085148	0	0	0	0	0	0	0	0	0	0	0	0	0	0	0	0	0	0	0.197107572310692
0.173769135291684	0.0186181216383947	0.0368225072403806	0.000413736036408771	0.00744724865535788	0	0	0.0107571369466281	0	0	0.00372362432767894	0.000413736036408771	0.251137774100124	0	0.000413736036408771	0.0028961522548614	0.00124120810922631	0.0215142738932561	0.00165494414563508	0.00455109640049648	0	0.000413736036408771	0.130740587505172	0.0107571369466281	0.00620604054613157	0.000827472072817542	0	0.000413736036408771	0	0	0	0.014480761274307	0.00124120810922631	0.00206868018204386	0	0	0	0	0	0	0	0	0	0.000413736036408771	0	0	0	0	0	0.00124120810922631	0	0	0.0372362432767894	0	0.00124120810922631	0	0.00206868018204386	0.000827472072817542	0	0	0	0	0	0.00206868018204386	0	0	0	0	0	0	0.00703351261894911	0	0	0.0128258171286719	0	0	0	0	0.000413736036408771	0.00661977658254034	0	0.0256516342573438	0.000413736036408771	0.000413736036408771	0	0.000413736036408771	0	0	0	0	0	0	0	0.000827472072817542	0	0	0	0	0	0	0.00124120810922631	0.000413736036408771	0	0	0	0	0.000413736036408771	0.00744724865535788	0	0.00124120810922631	0	0	0.187008688456765
0.001342957864697	0.010743662917576	0.000671478932348498	0.00302165519556824	0.000167869733087124	0.000671478932348498	0.000167869733087124	0.00117508813160987	0	0.000503609199261373	0.00419674332717811	0.000671478932348498	0.330535504448548	0	0	0	0.00184656706395837	0.000335739466174249	0.00285378546248111	0.00386100386100386	0.00167869733087124	0.00251804599630687	0.212019472889038	0.000167869733087124	0.001342957864697	0.00218230653013262	0	0	0.00520396172570086	0.000335739466174249	0.00151082759778412	0.00537183145878798	0.000839348665435622	0.000335739466174249	0	0	0	0.0182978009064966	0.0149404062447541	0.00167869733087124	0	0	0.0362598623468189	0.000503609199261373	0	0	0.0055397011918751	0.00184656706395837	0.00302165519556824	0	0	0	0.0753735101561189	0	0.000503609199261373	0.000671478932348498	0.000167869733087124	0.00100721839852275	0.0290414638240725	0	0.001342957864697	0	0	0	0	0.000167869733087124	0	0	0	0.000503609199261373	0.000335739466174249	0	0	0.000167869733087124	0	0.000167869733087124	0	0.0147725365116669	0.000167869733087124	0.000503609199261373	0	0.000167869733087124	0	0	0	0.000671478932348498	0	0	0.00318952492865536	0.000335739466174249	0	0.000671478932348498	0.000167869733087124	0	0.000167869733087124	0	0	0	0.000335739466174249	0.001342957864697	0	0	0	0	0	0	0.000671478932348498	0	0	0.000671478932348498	0.00738626825583347	0.000671478932348498	0.180292093335572
0.036557149467839	0.000925497454881999	0.023600185099491	0.291994447015271	0.004164738546969	0	0	0.002776492364646	0	0.001850994909764	0.016196205460435	0.020823692734845	0.020823692734845	0	0	0	0.003701989819528	0.00694123091161499	0.014807959278112	0.002313743637205	0.000462748727441	0.00740397963905599	0.021286441462286	0.000925497454881999	0.030078667283665	0.026376677464137	0	0	0	0.000462748727441	0.035631652012957	0	0.004164738546969	0.00832947709393799	0.039796390559926	0	0.000925497454881999	0.000462748727441	0	0.00647848218417399	0	0	0	0.00647848218417399	0	0	0.001388246182323	0.003701989819528	0.011568718186025	0	0	0	0.003239241092087	0	0.00601573345673299	0.001850994909764	0.002313743637205	0.001388246182323	0	0	0.001388246182323	0.000462748727441	0	0	0	0	0	0.000925497454881999	0	0.0670985654789449	0	0	0	0	0	0.012031466913466	0	0.000462748727441	0.003701989819528	0	0.001388246182323	0.003701989819528	0	0.000462748727441	0	0	0	0.003239241092087	0	0.00832947709393799	0	0.012956964368348	0	0	0	0	0	0	0	0.000462748727441	0	0	0	0	0	0	0	0	0	0.001388246182323	0	0	0.213789912077742
0.00712913024610997	0.163784018349761	0.00874093360610006	0.000991878990763127	0.000557931932304259	0	0	0.412497675283615	0	0.00297563697228938	0.00446345545843407	0.00427747814766598	0.0224412621660157	0.000619924369226954	0.00892691091686814	0.105139173020891	0.00235571260306243	0.000495939495381563	0	0.000433947058458868	0.0717872419564813	0.00421548571074329	0.0147541999876015	0.000433947058458868	0	0.00204575041844895	0	0	0	0	0.000247969747690782	0	0.00123984873845391	0.00161180335999008	6.19924369226954e-05	0	0	0.000123984873845391	0	0	0	0	0	0.00427747814766598	0	0	0	0.000185977310768086	0.00105387142768582	0.00068191680614965	0	0	0.00446345545843407	0	0.00254168991383051	0.000805901679995041	0.000805901679995041	0.00235571260306243	0	0	6.19924369226954e-05	0	0	6.19924369226954e-05	0	6.19924369226954e-05	0	0	0	0	0.000557931932304259	6.19924369226954e-05	0	0	0	0	0	0	0.0104767218399355	0.000309962184613477	0	0.000433947058458868	0	6.19924369226954e-05	0	0.00260368235075321	0	0	0	0.000247969747690782	0	0.00427747814766598	0.000309962184613477	0	0	0.00123984873845391	0	0	0	0.000433947058458868	0.000309962184613477	0.000433947058458868	0	0	0	0	0.000743909243072345	0	0	0.00595127394457876	0	0.000309962184613477	0.111524394023929
0.0906339330755003	0.00454010425424584	0.00655792836724399	0.0109298806120733	0.00067260803766605	0	0	0.00302673616949723	0.000336304018833025	0.0899613250378342	0.0201782411299815	0.0225323692618127	0	0	0.013115856734488	0.000336304018833025	0.00504456028249538	0.0107617286026568	0.0220279132335631	0.00168152009416513	0	0.0205145451488145	0	0.00554901631074491	0.00168152009416513	0.00823944846140911	0.0322851858079704	0	0.0706238439549353	0.000504456028249538	0.00487640827307886	0.00184967210358164	0.00319488817891374	0.00319488817891374	0.0026904321506642	0.0250546494030604	0.00420380023541281	0.000336304018833025	0.000504456028249538	0	0.0267361694972255	0	0	0.00386749621657979	0	0	0.00353119219774676	0.0026904321506642	0.00756684042374306	0.00588532032957794	0	0	0.000168152009416513	0	0.00454010425424584	0.00924836051790819	0.00067260803766605	0.00454010425424584	0.000504456028249538	0.00100891205649908	0	0.00100891205649908	0	0.00521271229191189	0	0.00638977635782748	0.00706238439549353	0.000168152009416513	0	0.000840760047082563	0.000168152009416513	0.00420380023541281	0	0.00622162434841096	0	0.000168152009416513	0	0.000336304018833025	0.00067260803766605	0	0.000504456028249538	0.00201782411299815	0.00739868841432655	0.000336304018833025	0	0.000504456028249538	0	0.000336304018833025	0.00067260803766605	0.000504456028249538	0	0.0067260803766605	0.0040356482259963	0.0094165125273247	0	0.0067260803766605	0	0	0	0.00285858416008071	0.00319488817891374	0.00201782411299815	0	0	0	0	0.000168152009416513	0	0	0.000504456028249538	0.00067260803766605	0	0.360349756179586
0.180038387715931	0.0261036468330134	0	0.00460652591170825	0.00345489443378119	0.000767754318618042	0	0.0886756238003839	0	0.000767754318618042	0.00921305182341651	0.0161228406909789	0.00383877159309021	0	0.00690978886756238	0	0.00191938579654511	0.0226487523992322	0.00153550863723608	0.00307101727447217	0	0.00652591170825336	0.00345489443378119	0.0072936660268714	0.00268714011516315	0.00652591170825336	0	0	0.00767754318618042	0.00115163147792706	0.00268714011516315	0.000383877159309021	0.00153550863723608	0.00345489443378119	0.00575815738963532	0	0.00115163147792706	0.00575815738963532	0.00652591170825336	0.000767754318618042	0	0	0.0207293666026871	0.0445297504798464	0	0	0.0203454894433781	0	0.00345489443378119	0.00230326295585413	0	0	0.00115163147792706	0	0.00383877159309021	0.0119001919385797	0.00499040307101727	0.00153550863723608	0.00844529750479846	0	0	0	0	0.00268714011516315	0	0.000767754318618042	0.000383877159309021	0	0	0.00230326295585413	0	0.00383877159309021	0	0.00153550863723608	0	0	0	0.00191938579654511	0.00191938579654511	0.0610364683301344	0	0.00690978886756238	0	0.000767754318618042	0	0.000383877159309021	0	0.00191938579654511	0.00921305182341651	0.00115163147792706	0	0	0.000767754318618042	0	0	0	0	0	0	0.00191938579654511	0.00153550863723608	0.000767754318618042	0	0	0	0	0.000767754318618042	0	0	0.000767754318618042	0.00115163147792706	0.000383877159309021	0.338963531669866
0.220655329738698	0	0	0	0.00331812525922854	0	0	0	0.00456242223143924	0	0	0	0	0	0	0	0	0.0240564081294069	0	0.0062214848610535	0.709664039817503	0	0	0.00788054749066777	0	0	0	0	0	0	0	0	0	0.000414765657403567	0	0	0	0	0	0	0.000414765657403567	0.0012442969722107	0	0	0	0	0	0	0	0.000414765657403567	0	0	0	0	0.000414765657403567	0	0	0	0	0	0	0	0	0.00580671920364994	0	0	0	0	0	0	0	0	0	0	0	0	0	0	0	0	0	0.000414765657403567	0	0.000414765657403567	0	0	0	0	0	0	0	0	0	0	0	0	0	0	0	0	0	0.000414765657403567	0	0	0	0	0	0	0	0	0	0	0.0136872666943177
0.0608360128617363	0.00553054662379421	0.00295819935691318	0.0183922829581994	0.00360128617363344	0.00938906752411576	0.468038585209003	0.0227652733118971	0.00180064308681672	0.00167202572347267	0.00102893890675241	0.00257234726688103	0.00141479099678457	0	0.00167202572347267	0.00154340836012862	0.00192926045016077	0.00655948553054662	0.00308681672025723	0	0	0.00102893890675241	0.00090032154340836	0.00758842443729904	0.000514469453376206	0.00463022508038585	0.00321543408360129	0.0047588424437299	0	0.00090032154340836	0.00668810289389068	0.000128617363344051	0.00128617363344051	0.000128617363344051	0.00090032154340836	0.00090032154340836	0.000257234726688103	0	0.0146623794212219	0.00102893890675241	0	0.000257234726688103	0	0	0	0.0307395498392283	0.00205787781350482	0.000385852090032154	0.000514469453376206	0.00115755627009646	0.0128617363344051	0	0.000385852090032154	0.0272668810289389	0.000643086816720257	0.00347266881028939	0.00128617363344051	0.000385852090032154	0.00347266881028939	0.000514469453376206	0	0	0.0128617363344051	0.00398713826366559	0.000257234726688103	0.000128617363344051	0.000514469453376206	0	0	0	0.00192926045016077	0.000514469453376206	0.00231511254019293	0.00102893890675241	0.00128617363344051	0	0	0.000128617363344051	0	0	0	0.000514469453376206	0.000385852090032154	0.000257234726688103	0.000128617363344051	0.000385852090032154	0.000514469453376206	0.000257234726688103	0.000128617363344051	0	0	0.00270096463022508	0.000771704180064309	0.000643086816720257	0.0381993569131833	0.000643086816720257	0.0172347266881029	0	0.000128617363344051	0	0.000643086816720257	0.000385852090032154	0.0164630225080386	0	0	0.00578778135048231	0	0	0.00295819935691318	0	0.000771704180064309	0.000128617363344051	0.135305466237942
0	0.305324459234609	0.000831946755407654	0.0640599001663893	0	0	0	0.000831946755407654	0	0.00110926234054354	0	0.0610094287298946	0	0	0	0.0607321131447587	0	0	0.00249584026622296	0	0	0	0	0	0.0615640599001664	0.00637825845812535	0	0	0	0.00221852468108708	0.0166389351081531	0	0	0.00831946755407654	0.00665557404326123	0	0.00166389351081531	0.00166389351081531	0	0.00249584026622296	0	0	0	0.00138657792567942	0	0	0.00748752079866889	0.00748752079866889	0.0160843039378813	0	0	0	0	0	0.00776483638380477	0.000831946755407654	0.00332778702163062	0.000831946755407654	0	0.000277315585135885	0.00138657792567942	0.00166389351081531	0	0	0	0	0.000277315585135885	0	0	0.0141430948419301	0	0	0	0	0	0.00776483638380477	0	0	0.00471436494731004	0	0.00637825845812535	0	0	0.00194120909595119	0	0.00665557404326123	0	0.00415973377703827	0	0	0	0	0.000831946755407654	0	0	0	0	0.00582362728785358	0	0	0	0	0	0	0	0	0	0	0	0.000277315585135885	0	0	0.29450915141431
0.101503759398496	0	0	0.00334168755221387	0.00334168755221387	0.000417710944026733	0	0	0.526315789473684	0	0	0.000417710944026733	0.0108604845446951	0	0	0	0	0.0087719298245614	0.000417710944026733	0.00584795321637427	0	0	0.006265664160401	0.00459482038429407	0	0.000835421888053467	0.000417710944026733	0	0.00710108604845447	0	0.00208855472013367	0	0	0.00208855472013367	0	0.0012531328320802	0	0.000417710944026733	0.00918964076858814	0	0.0104427736006683	0.104427736006683	0	0	0	0	0	0	0.0012531328320802	0.000417710944026733	0	0	0.0012531328320802	0	0.000417710944026733	0.000835421888053467	0.000835421888053467	0.0012531328320802	0.00543024227234754	0	0	0	0	0.0025062656641604	0.0776942355889724	0	0	0	0	0	0.0121136173767753	0.0012531328320802	0	0.00334168755221387	0	0	0.00292397660818713	0	0	0	0	0.00292397660818713	0	0.000835421888053467	0	0	0	0	0	0	0	0	0.00292397660818713	0	0	0.000417710944026733	0	0	0	0	0.000835421888053467	0.0012531328320802	0	0	0	0	0	0	0	0	0	0	0.068922305764411
0.0567937549496549	0.000565674850096165	0.0377870799864238	0.00373345401063469	0.00848512275144247	0.00633555832107704	0.00407285892069239	0.000791944790134631	0	0.0154994908926349	0.0096164724516348	0.00113134970019233	0	0	0.0118791718520195	0.000226269940038466	0.0415205339970585	0.0226269940038466	0.14006109288381	0.000226269940038466	0.000565674850096165	0.00656182826111551	0	0.00678809820115398	0.000113134970019233	0.0492137119583663	0	0.0102952822717502	0	0.00124448467021156	0.000452539880076932	0	0.0211562393935966	0.00316777916053852	0.000339404910057699	0	0.0621110985405589	0.000452539880076932	0	0	0	0	0	0.000339404910057699	0	0	0	0.0211562393935966	0.00441226383075008	0.00429912886073085	0.000113134970019233	0	0	0	0.00690123317117321	0.00237583437040389	0.00305464419051929	0.00395972395067315	0	0	0.000339404910057699	0.00531734359090395	0	0.000791944790134631	0	0.000113134970019233	0.033487951125693	0	0	0.000226269940038466	0	0	0	0.000226269940038466	0.00712750311121168	0.000226269940038466	0	0	0.000113134970019233	0	0	0.000226269940038466	0.0486480371082702	0.000678809820115398	0	0	0	0.00294150922050006	0	0.00520420862088472	0.000226269940038466	0.00169702455028849	0.0168571105328657	0.0569068899196742	0	0.000226269940038466	0	0	0	0.000791944790134631	0.00113134970019233	0.000113134970019233	0	0	0	0	0	0	0	0	0	0	0.245955424821812
0.046148846278843	0.00032499187520312	0.00227494312642184	0.0120246993825154	0.00032499187520312	0	0	0.00016249593760156	0.00016249593760156	0.00064998375040624	0	0	0.0008124796880078	0	0	0	0.0008124796880078	0.00373740656483588	0.0292492687682808	0.00259993500162496	0	0	0.00064998375040624	0.00341241468963276	0.01771205719857	0.0476113097172571	0	0	0	0.00129996750081248	0.00617484562885928	0	0.00146246343841404	0.0242118947026324	0.0458238544036399	0	0.173708157296068	0.00373740656483588	0	0.130809229769256	0	0	0	0	0	0	0	0.0290867728306792	0.0191745206369841	0.00064998375040624	0	0	0.00048748781280468	0	0.0134871628209295	0.00048748781280468	0.0048748781280468	0.016249593760156	0	0	0.00016249593760156	0.00503737406564836	0	0.00097497562560936	0	0	0	0.0770230744231394	0	0.00178745531361716	0.00016249593760156	0	0	0.0008124796880078	0	0.00097497562560936	0.00016249593760156	0.0008124796880078	0	0	0.00211244718882028	0.00194995125121872	0	0.00064998375040624	0	0	0	0.00796230094247644	0	0.00877478063048424	0	0.00048748781280468	0.0100747481312967	0.00032499187520312	0	0	0	0	0.00016249593760156	0	0	0	0	0	0	0.00016249593760156	0	0	0	0	0	0	0.239031524211895
0	0.0712037765538946	0.00590086546026751	0	0	0.477970102281668	0	0	0	0.0003933910306845	0.000786782061369001	0.0027537372147915	0	0	0.0019669551534225	0.0692368214004721	0.00629425649095201	0	0.03933910306845	0.010228166797797	0	0.0003933910306845	0	0	0	0	0	0	0	0	0	0.174665617623918	0	0	0	0	0	0	0	0.0003933910306845	0	0	0	0.0011801730920535	0	0	0	0	0	0	0	0	0	0	0	0	0	0	0	0	0.000786782061369001	0.004720692368214	0	0	0	0	0	0.000786782061369001	0	0	0	0.000786782061369001	0	0	0	0	0	0	0.003933910306845	0	0	0	0	0	0	0.001573564122738	0	0	0.0003933910306845	0	0	0	0	0	0	0	0	0	0	0	0	0	0	0	0	0	0.0011801730920535	0	0	0	0	0	0.123131392604249
0	0	0	0.203733504988735	0	0	0	0	0	0	0	0	0	0.000321853878339234	0	0	0	0	0.0238171869971033	0.181847441261667	0	0	0	0	0	0.0189893788220148	0	0	0	0	0.0112648857418732	0	0	0.122304473768909	0	0	0	0.00740263920180238	0	0.000643707756678468	0	0.000321853878339234	0	0	0.0502092050209205	0	0.00675893144512391	0	0.00643707756678468	0	0	0	0	0	0.00836820083682008	0.000321853878339234	0.00289668490505311	0.00869005471515932	0	0.0292887029288703	0.00354039266173157	0.000643707756678468	0	0	0	0	0	0.00450595429674928	0	0	0	0	0	0	0	0	0	0.000965561635017702	0	0	0	0	0	0.00675893144512391	0	0	0	0	0	0.000321853878339234	0	0	0	0	0	0	0	0	0	0	0	0	0	0	0	0	0	0	0	0	0	0	0.299645960733827
0.284862809577638	0.096958174904943	0.0778953858801767	0.00159284760045216	0.0532833213441578	0	0	0.0599116226492652	0.113400472716062	0.000205528722638989	0.0220943376836913	0.0177782345082725	0	0	0.00113040797451444	0.0254341794265749	0.0131538382488953	0.0248689754393176	0.000411057445277978	0.000205528722638989	0.00236358031034837	0.01829205631487	0.000102764361319494	0.0421847703216525	0	0	0	0	0	5.13821806597472e-05	0.000256910903298736	0	0.00246634467166787	0.000308293083958483	0	0.000154146541979242	0	0.000205528722638989	0	0	0.000616586167916966	0.0392559860240469	0	0.00292878429760559	0	0	0	0	0	0.013205220429555	0	0	0	0	5.13821806597472e-05	0.000102764361319494	0	0.000102764361319494	0	0	0	0	0	0.000102764361319494	0.0109444044805262	0	0	0	0	0	0	0.00138731887781317	0	0	0	0	0	0	0.00339122392354332	0	0	0.000565203987257219	0	0.000102764361319494	0	0.00318569520090433	0	0	0	0	5.13821806597472e-05	5.13821806597472e-05	0	0	0	0	0	0	0	5.13821806597472e-05	0.00339122392354332	0.00251772685232761	0	0	0	0	0.000770732709896208	0	0	0.00035967526461823	0	0	0.0572911314356181
0.151217143204031	0.00862016633278698	0.00528136951374977	0.00267103745522977	0.0156012869544102	0.000182116190129302	0.106780792812481	0.0342985491410186	0	0.0275602501062344	0.0146907060037637	0.00412796697626419	0.0125053117222121	0	0.0136587142596977	0.000667759363807442	0.00661688824136466	0.0183330298063498	0.000303526983548838	0	6.07053967097675e-05	0.0133551872761488	0.0105627390274995	0.0180902082195107	0.000546348570387907	0.00254962666181023	0.0383051053238633	0.0447398773750986	0.0353912462817945	0.000121410793419535	0.000849875553936745	0	0.00455290475323256	0.000607053967097675	0	6.07053967097675e-05	0.00139622412432465	0.00072846476051721	0.0106234444242093	0.000424937776968372	0	0	0	0.000910580950646512	0	0	0.000303526983548838	0.000607053967097675	0.00163904571116372	0.00339950221574698	0.0114733199781461	0	0.0046743155466521	0.0109876768044679	0.00048564317367814	0.00254962666181023	0.00048564317367814	0.000849875553936745	0.00127481333090512	0	0	0.000182116190129302	0.000182116190129302	0.00862016633278698	0	0.00333879681903721	0	0	0	0	0.000364232380258605	0.000182116190129302	0.0126267225156316	0.00115340253748558	0.0259819097917805	0	0.000667759363807442	0.000121410793419535	0.00072846476051721	0.00024282158683907	0.000182116190129302	0.00333879681903721	6.07053967097675e-05	0	6.07053967097675e-05	0.000364232380258605	0.0971893401323378	0.000607053967097675	0.000303526983548838	0.000667759363807442	0	0.000667759363807442	0.00048564317367814	0.000121410793419535	0.0149335275906028	6.07053967097675e-05	0.00072846476051721	0.000849875553936745	0	0.00327809142232745	0.00315668062890791	0.000607053967097675	0.000121410793419535	0	0	0.00813452315910885	0.000849875553936745	0	0.000789170157226977	6.07053967097675e-05	0.00358161840587628	0	0.158683906999332
0.0176671908241606	0.0591989640181297	0.00138747571917491	0.00342244010729812	0.129590232170937	0	9.24983812783276e-05	0.0194246600684488	0	0	0.0174821940616039	0.119692905374156	0.0244195726574785	0	0.0016649708630099	0.00314494496346314	0.000739987050226621	0.00175746924428822	9.24983812783276e-05	9.24983812783276e-05	0	0.0161872167237073	0.026824530570715	0.0148922393858107	0.0529090740912034	0.00240495791323652	0.0194246600684488	0	0.0016649708630099	0.000369993525113311	0.00120247895661826	0	0.0010174821940616	0.00157247248173157	0.00157247248173157	0.0790861159929701	0.00684488021459624	0.000832485431504949	0	9.24983812783276e-05	0	0	0.0282120062898899	0.00934233650911109	0	0.0780686337989085	0.000462491906391638	0.00110998057533993	0.00416242715752474	0.00656738507076126	0	9.24983812783276e-05	0.0103598187031727	0	0.000184996762556655	0.000184996762556655	0.00628988992692628	0.000277495143834983	0	0.000832485431504949	0	0	0	0	0	0	0	0	0	0.000184996762556655	9.24983812783276e-05	0.032189436684858	0	0.000184996762556655	0	0.0086948478401628	0	0.000554990287669966	0.000924983812783276	0	0.00379243363241143	0.000184996762556655	0	0.00619739154564795	0	0.00305244658218481	0	0	0	0.000462491906391638	0.0127647766164092	0	0.000369993525113311	0	0	0.00721487373970956	0	0	0.00684488021459624	0.00369993525113311	0.00157247248173157	0.00416242715752474	0	0	0	0	0.000554990287669966	0	0	9.24983812783276e-05	0	0	0.13329016742207
0.0438003220611916	0.143961352657005	0.0553945249597423	0.0151368760064412	0.000644122383252818	0.00483091787439614	0	0.0115942028985507	0	0.0183574879227053	0.00644122383252818	0.0209339774557166	0.00257648953301127	0	0.00483091787439614	0.00193236714975845	0.0405797101449275	0.00772946859903382	0.007085346215781	0.00611916264090177	0	0.00676328502415459	0.00386473429951691	0.00193236714975845	0	0.00161030595813205	0.0122383252818035	0	0.00257648953301127	0.00611916264090177	0.00289855072463768	0	0.0161030595813204	0	0	0.00869565217391304	0	0.00128824476650564	0.00515297906602254	0.000322061191626409	0	0.000322061191626409	0	0.00547504025764895	0	0.00418679549114332	0.00418679549114332	0.000966183574879227	0.000966183574879227	0.0035426731078905	0	0.171980676328502	0	0	0.000322061191626409	0.01256038647343	0.00225442834138486	0	0.0177133655394525	0.000966183574879227	0.000322061191626409	0.000644122383252818	0	0.00161030595813205	0	0	0.00225442834138486	0	0	0.00257648953301127	0	0.000644122383252818	0	0.00128824476650564	0	0	0	0.00161030595813205	0.000644122383252818	0	0	0.00225442834138486	0	0.00579710144927536	0	0.00515297906602254	0	0	0.0173913043478261	0.000644122383252818	0.000322061191626409	0.00837359098228663	0.000644122383252818	0	0	0.000644122383252818	0	0	0	0.000644122383252818	0.000644122383252818	0.00193236714975845	0	0	0.000322061191626409	0	0.00225442834138486	0	0	0.007085346215781	0.00193236714975845	0.00837359098228663	0.237037037037037
0.264086558468581	0.000166458593424886	8.32292967124428e-05	0.0267166042446941	0.0401165210153974	0.0023304203079484	0	0	0.0680815647107782	0	0.020307948397836	0.00873907615480649	0	0	0	0	0	0.0179775280898876	0.00482729920932168	0.000332917186849771	0	0.0190595089471494	0	0.0327923429047025	0.0431127756970454	0.00282979608822305	8.32292967124428e-05	0	0	0.000416146483562214	0.00690803162713275	8.32292967124428e-05	0	0.0011652101539742	0.00840615896795672	8.32292967124428e-05	0.00674157303370787	0	0.00399500624219725	0.00615896795672077	0.000582605076987099	0.0247191011235955	0	0.000166458593424886	0	0.00774032459425718	0.000166458593424886	0.00241364960466084	0.00657511444028298	0.029130253849355	0	0	0.000249687890137328	0	0.00158135663753641	0.0145651269246775	0.00374531835205993	0.000915522263836871	0.00241364960466084	0.000998751560549313	8.32292967124428e-05	0.00208073241781107	0	0	0.00682480233042031	0.0288805659592176	8.32292967124428e-05	0	0	0	0.0017478152309613	8.32292967124428e-05	0	0.000832292967124428	0	0.00799001248439451	8.32292967124428e-05	0.000166458593424886	0.0011652101539742	0	0.00282979608822305	8.32292967124428e-05	0.00166458593424886	0.000915522263836871	0	0	0	0.00266333749479817	8.32292967124428e-05	0.000416146483562214	8.32292967124428e-05	0.000915522263836871	0.00108198085726176	0.00166458593424886	0.000499375780274657	0.000915522263836871	0	0	0	0.00332917186849771	0.00416146483562214	0.0011652101539742	0	0	0.07632126508531	0	0	0	0	0	0.000832292967124428	0	0.168789013732834
0.124077800134138	0.039570757880617	0.200983679856919	0.0322676801550041	0.00134138162307176	0.00953871376406588	0	0.00424770847306059	0	0.00454579327818764	0.0458305387882853	0.0333109769729488	0.01013488337432	0	0.0143080706460988	0.000372606006408823	0.0119233922050823	0.0136373798345629	0.00476935688203294	0.000447127207690588	0	0.0322676801550041	0.00782472613458529	0.00931515016022058	0.00506744168716	0.00335345405767941	0.0304791713242417	0	0.00178850883076235	0.00871898054996647	0.00275728444742529	0	0.00670690811535882	0.00104329681794471	0.00409866607049706	0.00327893285639765	0.00394962366793353	0.00104329681794471	0.00141590282435353	0.000223563603845294	0	0.00156494522691706	0	0.00327893285639765	0	0.035770176615247	0.00186303003204412	0.00335345405767941	0.01140174379611	0.00260824204486176	0	0	0.00320441165511588	7.45212012817647e-05	0.00119233922050823	0.000149042402563529	0.000670690811535882	0.000819733214099411	0.00178850883076235	0	0	0.000745212012817647	0	0.00462031447946941	0	0	0.000149042402563529	0	0	0.00193755123332588	0	0.00134138162307176	0	0.000670690811535882	0	0.000149042402563529	0	0.00342797525896117	0	0	0.00268276324614353	0.00216111483717118	0.000149042402563529	0.000521648408972353	0	0.00506744168716	0	0.00693047171920411	0.0154258886653253	0.000894254415381176	0	0.0111036589909829	0.000819733214099411	0.000149042402563529	0	0.00402414486921529	0	0	0	0.000298084805127059	0.00268276324614353	0.00275728444742529	0	0	0	0	0.000819733214099411	0	0	0.00260824204486176	0.00104329681794471	0.00134138162307176	0.183098591549296
0	0	0	0	0	0	0	0	0	0	0	0	0	0.997119815668203	0	0	0	0	0	0	0	0	0	0	0	0	0	0	0	0	0	0	0	0	0	0	0	0	0	0	0	0	0	0	0	0	0	0	0	0	0	0	0	0	0	0	0	0	0	0	0	0	0	0	0	0	0	0	0	0	0	0	0	0	0	0	0	0	0	0	0	0	0	0	0	0	0	0	0	0	0	0	0	0	0	0	0	0	0	0	0	0	0	0	0	0	0	0	0	0	0	0	0.00288018433179724
0.117877600241182	0.171540548688574	0.10823032861019	0.0066324992463069	0.00964727163099186	0	0	0.0608984021706361	0.0976786252637926	0.00180886343081097	0.00331624962315345	0.00753693096171239	0	0	0.00180886343081097	0.185107024419656	0.0111546578233343	0.0162797708772988	0.000301477238468496	0.00391920410009044	0.00331624962315345	0.00391920410009044	0	0.00723545372324389	0	0.00482363581549593	0	0	0	0.00120590895387398	0.00211034066927947	0	0	0.00211034066927947	0	0	0.000301477238468496	0.000301477238468496	0	0	0	0.034669882423877	0	0.00391920410009044	0	0	0	0	0	0.00542659029243292	0	0	0	0	0.000602954476936991	0	0.00422068133855894	0	0	0	0	0	0	0	0.0117576123002713	0	0	0	0	0	0	0	0.00180886343081097	0.000301477238468496	0	0	0	0.000602954476936991	0.0141694302080193	0	0	0	0	0.00150738619234248	0	0.00391920410009044	0	0	0	0.000904431715405487	0	0.000301477238468496	0.000602954476936991	0	0	0	0	0	0	0	0.00361772686162195	0.00241181790774797	0	0	0	0	0.000301477238468496	0	0	0.000602954476936991	0	0	0.0792885137172143
0.27411425665367	0	8.47601288353958e-05	0.0146635022885235	0.016273944736396	0.101881674860146	0.0216138328530259	0.000593320901847771	0	8.47601288353958e-05	0.0184777080861163	0.0165282251229022	0	0	0.00847601288353958	0	0	0.0336497711476521	0.00127140193253094	0.00339040515341583	0.000593320901847771	0.0206814714358366	0	0.0274622817426682	0	0.00991693507374131	0	0.000169520257670792	0.000169520257670792	0	0.00669605017799627	0.0190710289879641	0	0.0019494829632141	0	0.011357857263943	0	0.000508560773012375	0.0409391422274962	0.000847601288353958	0.00652652992032548	0	0	0	0	0	0	0.000932361417189354	0.0019494829632141	0.00559416850313612	0.00364468553992202	0	0	0.00584844888964231	0.00288184438040346	0.000423800644176979	0.00262756399389727	0.00889981352771656	8.47601288353958e-05	0.000847601288353958	0.00237328360739108	8.47601288353958e-05	0.00322088489574504	0.0101712154602475	0	0	8.47601288353958e-05	0	0.00686557043566706	0	0	0.00347516528225123	0.0341583319206645	0.000508560773012375	0.000169520257670792	0	0.000593320901847771	0	0.000423800644176979	0	0	0.0061027292761485	0	8.47601288353958e-05	8.47601288353958e-05	0	0.000339040515341583	0	0	0.00161044244787252	0	0.000593320901847771	0.00228852347855569	0	0.00237328360739108	0.0163587048652314	0.00118664180369554	0	0.0780640786573996	0.00245804373622648	0.00339040515341583	0.00517036785895915	0.000254280386506187	0	0	0.00347516528225123	0	0	0.00169520257670792	0	0.000339040515341583	0	0.120274622817427
0	0	0	0.0499605574546411	0	0	0	0	0	0	0	0	0	0.000525900604785696	0	0	0	0	0.0123586642124638	0.044964501709177	0	0	0	0	0	0.0307651853799632	0	0	0	0	0.00131475151196424	0	0	0	0	0	0	0.00920326058374967	0	0.0181435708651065	0	0	0	0	0.244806731527741	0	0.00841440967657113	0	0	0	0	0	0	0	0.00447015514067841	0.00236655272153563	0.00236655272153563	0	0	0.0986063633973179	0.0849329476728898	0.000788850907178543	0	0	0	0	0	0.0544307125953195	0	0	0	0	0	0	0	0	0	0	0	0	0	0	0	0.0562713647120694	0	0	0	0.000262950302392848	0	0.000262950302392848	0	0	0	0	0	0	0	0	0	0	0	0	0	0	0	0	0	0	0	0	0	0	0.274783066000526
0.282623243363819	0.0336828016952933	0.0475128262324336	0.0100379210350212	0.047735891144323	0	0	0.0347981262547401	0.0956948472005354	0.00022306491188936	0.0127146999776935	0.0129377648895829	0	0	0	0.0104840508587999	0.00691501226857015	0.0178451929511488	0.0519741244702208	0.00200758420700424	0	0.00758420700423823	0	0.0323444122239572	0	0.0022306491188936	0	0	0	0.000892259647557439	0.0033459736783404	0.0593352665625697	0.00044612982377872	0.0182913227749275	0	0	0.00044612982377872	0.0115993754182467	0	0	0	0.0312290876645104	0	0.00022306491188936	0.000669194735668079	0	0	0.00156145438322552	0.00312290876645104	0.0100379210350212	0	0	0	0	0.00178451929511488	0.00780727191612759	0.00513049297345528	0.00401516841400848	0	0.0011153245594468	0.00022306491188936	0.00669194735668079	0	0	0.00780727191612759	0	0.000669194735668079	0.000669194735668079	0	0	0	0.000669194735668079	0	0.00178451929511488	0	0	0	0.0115993754182467	0.00133838947133616	0	0	0.00022306491188936	0.00490742806156592	0.00044612982377872	0	0.00022306491188936	0	0.000669194735668079	0	0.00044612982377872	0.000892259647557439	0	0	0.00557662279723399	0	0	0	0	0	0	0.00044612982377872	0.00022306491188936	0	0	0.00022306491188936	0	0	0	0	0.00022306491188936	0	0	0.0836493419585099
0.058285216254494	0.000217888658895305	0	0.0829066347096634	0.00522932781348731	0.000108944329447652	0.000653665976685913	0	0	0	0	0	0.00130733195337183	0	0	0	0.000108944329447652	0.00512038348403966	0.113411046955006	0.0347532410938011	0	0	0.000653665976685913	0.00555616080183026	0.00108944329447652	0.0390020699422595	0	0.000108944329447652	0	0.00098049896502887	0.0366052946944112	0.128336420089334	0	0.00904237934415514	0.000108944329447652	0	0.000108944329447652	0.000762610306133566	0.000108944329447652	0.00773504739078331	0	0	0.000108944329447652	0	0	0	0.000217888658895305	0.00305044122453426	0.00446671750735374	0.000762610306133566	0.000217888658895305	0	0.000217888658895305	0.000217888658895305	0.0161237607582525	0.0335548534698769	0.0227693648545593	0.0234230308312452	0	0.000108944329447652	0.00653665976685913	0.101754003704107	0.000217888658895305	0.000435777317790609	0	0	0.00141627628281948	0.00686349275520209	0	0.000435777317790609	0.000762610306133566	0	0	0.0072992700729927	0	0	0	0	0	0	0.00098049896502887	0.00119838762392417	0	0.00522932781348731	0	0	0	0.00359516287177252	0	0.00795293604967861	0.000326832988342957	0.00119838762392417	0.00196099793005774	0	0	0	0.000108944329447652	0	0.000108944329447652	0	0.000217888658895305	0	0	0	0	0	0	0	0	0	0.000435777317790609	0	0.213421941387951
0.236766398158803	7.1921749136939e-05	0	0.0146001150747986	0.00740794016110472	0.00582566168009206	0.189082278481013	0	0	0	0.000503452243958573	0.00115074798619102	0	0	0.000287686996547756	0	0	0.0257479861910242	0.000863060989643268	0.000287686996547756	0	0.00107882623705409	0	0.0214326812428078	0.000863060989643268	0.0128739930955121	0	0.00136651323360184	0	0.0142405063291139	0.005897583429229	0	0	0.00158227848101266	0.0118670886075949	0.00215765247410817	7.1921749136939e-05	0.00812715765247411	0.0025891829689298	0.0016542002301496	0.00143843498273878	0	0	0	0	7.1921749136939e-05	0.0012945914844649	0.00323647871116226	0.00230149597238205	0.00302071346375144	0.0402761795166858	0	0	0.0294159953970081	0.00179804372842348	0.000575373993095512	0.000863060989643268	0.00302071346375144	0	7.1921749136939e-05	0	0.000575373993095512	0.0264672036823936	0.0192750287686997	0	0	0.00402761795166858	0	0.0690448791714614	0	0	7.1921749136939e-05	0.0335155350978136	0.000431530494821634	0.000575373993095512	0	0	0.00539413118527043	0.000143843498273878	0	0	0.00467491369390104	0.000431530494821634	0.00208573072497123	0.00158227848101266	0	0.000647295742232451	7.1921749136939e-05	0	0.00179804372842348	0	0.00244533947065593	0.000575373993095512	0.000934982738780207	0.0178365937859609	0.000359608745684695	0.0109321058688147	0	7.1921749136939e-05	0.000215765247410817	0.00122266973532796	0.000215765247410817	0.00158227848101266	0	0	0.0249568469505178	0	0	0.00992520138089758	0	0	0	0.102128883774453
0	0.242603550295858	0.0141354372123603	0.0121630506245891	0	0.164365548980934	0	0.000328731097961867	0	0.00164365548980934	0.00854700854700855	0.00887573964497041	0	0	0.00164365548980934	0.239644970414201	0.0161078238001315	0	0.000986193293885602	0.000328731097961867	0	0.00427350427350427	0	0	0.0029585798816568	0.000328731097961867	0	0	0	0.00821827744904668	0.0029585798816568	0.000328731097961867	0.00525969756738988	0.00723208415516108	0.00920447074293228	0	0.00361604207758054	0	0	0.00131492439184747	0	0	0	0.00361604207758054	0	0	0.00854700854700855	0.0029585798816568	0.00262984878369494	0	0	0	0	0	0.00493096646942801	0.000986193293885602	0.000986193293885602	0.000657462195923734	0	0	0.000657462195923734	0	0	0	0	0	0	0	0	0.00887573964497041	0	0.000986193293885602	0	0.000657462195923734	0	0	0	0	0.0236686390532544	0	0.0019723865877712	0	0	0.000328731097961867	0	0.00624589086127548	0	0.00131492439184747	0	0	0	0	0.000657462195923734	0	0	0	0	0	0	0.000328731097961867	0.000328731097961867	0	0	0	0	0	0.000657462195923734	0	0	0	0	0.000657462195923734	0.170282708744247
0	0.00946475195822454	0.000652741514360313	0.00946475195822454	0	0.669712793733681	0	0	0	0	0	0	0	0	0	0.00685378590078329	0.000652741514360313	0	0.0107702349869452	0.00881201044386423	0	0	0	0	0.00554830287206266	0.000326370757180157	0	0	0	0.0316579634464752	0.00130548302872063	0	0	0.0254569190600522	0.010443864229765	0	0	0	0	0	0	0	0	0.000326370757180157	0	0	0	0.000652741514360313	0.0022845953002611	0	0	0	0	0	0.00424281984334204	0.000652741514360313	0	0.0022845953002611	0	0	0	0.00130548302872063	0	0	0	0	0	0	0	0.00293733681462141	0	0.000326370757180157	0	0	0	0	0	0	0.000326370757180157	0	0.00424281984334204	0	0	0	0	0	0	0.00620104438642298	0	0	0	0	0	0	0	0	0	0	0	0	0	0	0	0	0	0	0	0	0	0	0	0	0.183093994778068
0.103671706263499	0	0	0.00647948164146868	0.00359971202303816	0	0	0	0.38588912886969	0	0	0.0190784737221022	0.00143988480921526	0	0	0	0	0.0107991360691145	0.00179985601151908	0	0	0	0.00143988480921526	0.00287976961843053	0	0.000719942404607631	0.000719942404607631	0	0.0269978401727862	0.000359971202303816	0.000359971202303816	0	0	0	0	0.0147588192944564	0.000719942404607631	0	0.00287976961843053	0	0.160907127429806	0.0755939524838013	0	0	0	0	0.000719942404607631	0.00143988480921526	0.000359971202303816	0.00107991360691145	0	0	0.00143988480921526	0	0	0.000359971202303816	0.000719942404607631	0	0.00215982721382289	0	0	0	0	0.00143988480921526	0.0442764578833693	0	0.000359971202303816	0	0	0	0.00323974082073434	0.00323974082073434	0	0.000359971202303816	0	0	0.00143988480921526	0	0.000359971202303816	0	0	0.00107991360691145	0	0	0	0	0	0	0	0.000359971202303816	0	0	0	0	0	0.00107991360691145	0	0	0	0	0.000719942404607631	0.0046796256299496	0	0	0	0	0	0	0	0	0	0	0.107991360691145
0.000161969549724652	0.000323939099449304	0.000809847748623259	0.0351473922902494	0.000485908649173955	0.000647878198898607	0.0699708454810496	0	0	0.000323939099449304	0	0	0	0	0.000323939099449304	0	0.00145772594752187	0	0	0	0	0	0	0	0.0242954324586978	0.000323939099449304	0	0.470035633300939	0	0	0.0124716553287982	0.000485908649173955	0.000971817298347911	0.00113378684807256	0.000323939099449304	0	0.00129575639779721	0.00129575639779721	0.00129575639779721	0.00242954324586978	0	0	0	0.00129575639779721	0	0.00566893424036281	0	0.000809847748623259	0.00372529964366699	0	0	0	0	0	0.00307742144476838	0.000809847748623259	0.000323939099449304	0.000161969549724652	0	0	0.00340136054421769	0	0	0.0178166504697117	0	0	0	0	0	0	0	0	0	0	0.0767735665694849	0.00178166504697117	0	0.000161969549724652	0	0	0.00226757369614512	0	0	0.000323939099449304	0.0827664399092971	0	0	0.000161969549724652	0	0	0	0.000161969549724652	0.000161969549724652	0	0.000161969549724652	0	0	0	0	0	0.000161969549724652	0	0	0	0	0	0.000323939099449304	0	0	0	0.000161969549724652	0	0.171525753158406
0.00374531835205993	0.00299625468164794	0	0.00674157303370787	0.0048689138576779	0	0	0.000374531835205993	0	0	0.000374531835205993	0.00149812734082397	0.00299625468164794	0	0	0.00411985018726592	0	0.000749063670411985	0.0052434456928839	0.00973782771535581	0.00187265917602996	0	0	0	0.00187265917602996	0.0584269662921348	0.0052434456928839	0	0	0	0.00449438202247191	0.00374531835205993	0	0.0337078651685393	0.141573033707865	0.00262172284644195	0.0370786516853933	0.0104868913857678	0	0	0	0	0.0389513108614232	0.00786516853932584	0	0.000374531835205993	0.0191011235955056	0.050936329588015	0.00224719101123596	0.000374531835205993	0	0.000374531835205993	0	0	0.00861423220973783	0.00636704119850187	0.00299625468164794	0.00262172284644195	0	0.00337078651685393	0	0.000749063670411985	0	0	0	0	0	0.000374531835205993	0	0.00599250936329588	0	0.000374531835205993	0	0.00187265917602996	0	0	0	0.000749063670411985	0.000749063670411985	0	0	0	0.00149812734082397	0.00149812734082397	0	0.000374531835205993	0	0	0	0.0224719101123595	0	0	0.00262172284644195	0	0	0.000374531835205993	0	0	0	0	0	0	0	0	0	0	0	0	0	0	0	0	0.471535580524345
0.244724302246426	0.0554799183117767	0.244383934649421	0.000340367597004765	0.0010211027910143	0	0	0.0139550714771954	0	0.0265486725663717	0.000340367597004765	0.00068073519400953	0.0125936010891763	0	0	0	0.0568413886997958	0.0336963921034718	0.00136147038801906	0.00068073519400953	0	0	0.010211027910143	0.0119128658951668	0.021783526208305	0.00068073519400953	0	0	0	0.00068073519400953	0.00068073519400953	0	0.027569775357386	0.00306330837304289	0.00204220558202859	0	0.00068073519400953	0.00068073519400953	0	0.0132743362831858	0	0	0	0.00204220558202859	0	0	0	0.000340367597004765	0.00340367597004765	0.00646698434309054	0	0	0.00374404356705242	0	0.00068073519400953	0	0.00204220558202859	0	0	0	0	0	0	0.00408441116405718	0	0.000340367597004765	0	0	0	0.000340367597004765	0.0268890401633764	0	0	0.0010211027910143	0	0.00272294077603812	0	0	0	0.000340367597004765	0	0.0108917631041525	0	0	0	0.00272294077603812	0	0.00136147038801906	0	0	0	0	0.000340367597004765	0	0	0	0	0	0	0	0.00612661674608577	0.00170183798502383	0	0	0	0	0.00068073519400953	0	0	0.00544588155207624	0	0	0.130360789652825
0.53472501003613	0.0152549177037334	0.0505820955439582	0.0180650341228422	0.00160578081091931	0	0	0.0806904857486953	0	0.0301083902047371	0	0	0	0	0	0	0.0457647531112003	0.0618225612203934	0	0	0.000401445202729827	0	0	0.0164592533119229	0	0	0	0	0	0	0.00200722601364914	0	0.0285026093938177	0.000401445202729827	0	0	0	0	0	0	0	0	0	0.00321156162183862	0	0	0	0	0	0.00281011641910879	0	0.000802890405459655	0	0	0	0	0.000401445202729827	0	0	0	0	0	0	0.0104375752709755	0	0.000802890405459655	0	0	0	0	0	0	0	0	0	0	0	0	0	0.000401445202729827	0	0.00321156162183862	0	0	0	0	0	0	0	0	0	0	0.000401445202729827	0	0	0	0	0	0	0	0.00401445202729827	0	0	0	0	0	0.00120433560818948	0	0	0	0	0	0.0859092733841831
0.350796125153101	0.00929740563411647	0.00205990424228928	0.00523327023716735	0.0101881750361875	0	5.56730876294399e-05	0.0110232713506291	0	0	0.0555617414541811	0.0161451954125376	0.0318450061240396	5.56730876294399e-05	0.000946442489700479	0.00183721189177152	0.00150317336599488	0.0345173143302528	0.00367442378354304	0.000668077051553279	0	0.0431466429128159	0.0213227925620755	0.0251085625208774	0.0011134617525888	0.00150317336599488	0.0120810600155885	0	0.151152432913929	0	0.0016701926288832	0	0.00128048101547712	0.00011134617525888	0.0002783654381472	0	5.56730876294399e-05	0.00016701926288832	0	0	0	5.56730876294399e-05	0	0.000501057788664959	0	0	0.0002783654381472	0.00022269235051776	0.0016701926288832	0.00606836655160895	0	0	0.00773855918049215	0	0.00011134617525888	0.00016701926288832	0.000668077051553279	0.00038971161340608	0	5.56730876294399e-05	0	0.00011134617525888	0	0.0105778866495936	0	0.00011134617525888	5.56730876294399e-05	0	0	0	5.56730876294399e-05	0.000779423226812159	0	0.00267230820621312	0	0.00011134617525888	0	0.0002783654381472	0.00155884645362432	0.00189288497940096	0	0.00829529005678655	0.00373009687117248	0.00011134617525888	0	0.0002783654381472	5.56730876294399e-05	0.00016701926288832	0	0.00016701926288832	5.56730876294399e-05	0	0.00016701926288832	0.00707048212893887	0	0.00011134617525888	0	0	0	0.00579000111346175	0.00261663511858368	0.00144750027836544	0	0	0	0	0.000556730876294399	0.0558957799799577	0	5.56730876294399e-05	0	0	0.082897227480236
0.0809177084764391	0	0.118148097266108	0.0566011814809727	0.0129138617942025	0	0	0	0.0230800934194257	0	0.0413518340431378	0.0237670009616706	0	0	0	0.000412144525346888	0	0.0070064569308971	0.0245912900123643	0.0248660530292623	0.000137381508448963	0.0218436598433851	0.000137381508448963	0.00947932408297843	0.0181343591152631	0.0299491688418739	0	0.000137381508448963	0	0.0535787882950955	0.0250034345377112	0.00192334111828548	0	0.00453358977881577	0.000412144525346888	0	0.0021981041351834	0.00618216788020332	0	0.00453358977881577	0	0.00618216788020332	0	0	0	0	0	0.0103036131336722	0.0108531391674681	0.00370930072812199	0	0	0	0	0.0120895727435087	0.0318725099601594	0.0189586481659569	0.0226679488940789	0	0	0.000274763016897926	0.00151119659293859	0	0	0.00206072262673444	0	0.00412144525346888	0	0	0.000137381508448963	0	0.000549526033795851	0	0.000824289050693777	0	0	0	0.0261024866053029	0.000274763016897926	0	0.0244539085039154	0.000137381508448963	0.000686907542244814	0.0010990520675917	0	0	0	0.0010990520675917	0	0.0048083527957137	0	0	0.00343453771122407	0.00151119659293859	0	0.000137381508448963	0	0	0	0	0.000412144525346888	0.000686907542244814	0	0	0	0	0	0	0	0	0	0	0.21720016485781
0.218634197988354	0	0	5.88200694076819e-05	0.00517616610787601	0.00205870242926887	0	0.000176460208223046	0.0448797129580613	0	5.88200694076819e-05	0.0485265572613376	0	0	0.000117640138815364	0	5.88200694076819e-05	0.0222928063055114	0.00247044291512264	0.000705840832892183	0	0.00029410034703841	0	0.0231751073466267	0	0.0115875536733133	0	0	0	0.000117640138815364	0.000117640138815364	0	0	0.000470560555261455	0	0.046409034762661	0	0.00923475089700606	0.171225222045762	0	0.0805246750191165	0.0141756367272513	0	5.88200694076819e-05	0	0	0.00576436680195283	0.000176460208223046	0.00105876124933827	0.00594082701017587	0	0	0	0	0.00176460208223046	0.000411740485853773	0.00388212458090701	0.00547026645491442	0.0179989412387507	0	0	0	0	0.00541144638550673	0.00452914534439151	0	0.000117640138815364	0	0	0.00229398270689959	0	0.018116581377566	0	0.00417622492794542	0	0	0.12205164402094	0.000588200694076819	0	0	0	0.00376448444209164	0	0.000470560555261455	0	0	0	0	0	0.00094112111052291	0	0	0.00029410034703841	0	0	0.00141168166578437	0	0	0	0	0.00223516263749191	0.00417622492794542	0	0	0	0	0	0	0	0	5.88200694076819e-05	0	0.0842891594612082
0	0	0.0872545964474914	0.0124649423496416	0	0	0	0.000623247117482082	0	0.0137114365846058	0	0	0	0	0	0	0.0267996260517295	0	0.11966344655656	0	0.000311623558741041	0	0	0	0.206918043004051	0.00218136491118729	0	0.00436272982237457	0	0.000311623558741041	0.00249298846992833	0.000623247117482082	0.0118416952321596	0.0208787784356497	0.00124649423496416	0	0.00124649423496416	0.000311623558741041	0	0.091305702711125	0.000311623558741041	0	0	0.000934870676223122	0	0	0.00124649423496416	0.00280461202866937	0.0467435338111561	0	0	0	0	0	0.00623247117482082	0.000311623558741041	0	0.00529760049859769	0	0.00280461202866937	0.00560922405733873	0.00716734185104394	0	0	0	0	0.0860081022125273	0.00280461202866937	0	0.000623247117482082	0	0	0	0	0	0.0645060766593955	0	0.000311623558741041	0	0	0.00966033032097227	0	0.000311623558741041	0	0	0	0	0.00342785914615145	0	0.000623247117482082	0	0.000311623558741041	0	0	0	0	0	0	0	0	0	0	0	0	0	0	0.0015581177937052	0	0	0	0	0	0.145839825490807
0.165526888405347	0.0119676717438607	0.0631022691949021	0.0806652160397886	0.0192726142368666	0	0.000310848616723656	0.0475598383587193	0.0146098849860118	0.0307740130556419	0.0188063413117812	0.0545539322350016	0	0	0.0251787379546161	0.00326391047559838	0.0632576935032639	0.0376126826235623	0.00233136462542742	0.000932545850170967	0	0.0156978551445446	0	0.013521914827479	0	0.00248678893378924	0.0119676717438607	0	0.00994715573515698	0	0.0217594031706559	0.00917003419334784	0.032483680447622	0	0	0.0368355610817532	0	0.00139881877525645	0	0.000155424308361828	0	0.00264221324215107	0	0.00155424308361828	0	0	0	0	0	0.0111905502020516	0	0	0	0	0	0	0	0	0	0.000155424308361828	0.000155424308361828	0.000932545850170967	0	0.00170966739198011	0.00170966739198011	0.000155424308361828	0	0.00388560770904569	0	0.000155424308361828	0	0.0147653092943736	0	0	0	0	0	0	0.00108797015853279	0.0113459745104134	0	0.00295306185887473	0	0	0	0.000466272925085483	0	0	0.0130556419023935	0	0	0	0	0	0	0.0104134286602425	0	0	0	0.00264221324215107	0.00233136462542742	0.0101025800435188	0	0	0	0	0.00139881877525645	0	0	0	0	0	0.110040410320174
0.278809244026635	0.0216216216216216	0.0177046611829221	0.0205248726987857	0.0256169212690952	0.0120642381511947	0.000235017626321974	0.0777124951037994	0.000156678417547983	0.0063454759106933	0.0242068155111633	0.0413631022326674	0	0	0.0287504896200548	0.00712886799843322	0.0210732471602037	0.0500587544065805	0.00250685468076772	0.000861731296513905	0.00117508813160987	0.0173129651390521	0	0.0263219741480611	0	0.00313356835095966	0.0401096748922836	0	0.0177046611829221	0	0.00665883274578927	0.000313356835095966	0.00963572267920094	0.000156678417547983	0	0.0304739522130826	0	0.00227183705444575	0	0	0	0	0	0.00109674892283588	0	0	0.000391696043869957	0	7.83392087739914e-05	0.0110458284371328	0	0.00650215432824128	0	0	0	0	0.0018018018018018	0	0	0	0.000783392087739914	0.000391696043869957	0	0.00509204857030944	0	0	0	0	7.83392087739914e-05	7.83392087739914e-05	0	0.0115942028985507	0	0	0	0	0	0	0.00203681942812378	0.0259302781041911	0	0.00446533490011751	0	0.000235017626321974	0	0.000391696043869957	0	0	0.00705052878965922	0.000156678417547983	0	0	0	0	7.83392087739914e-05	0.0100274187230709	0	0	0	0.00148844496670584	0.0036036036036036	0.00626713670191931	0	0	0	0	0.00313356835095966	0	0	0	0	0	0.104191147669409
0.189077326872602	0.000504744599232788	0.0019180294770846	0.0116596002422774	0.0391177064405411	0	0	0.250959014738542	0	0.0290732889158086	0.0721280032303654	0.0252372299616394	0	0	0.0049969715324046	0.000302846759539673	0.00312941651524329	0.0161013527155259	0.00217040177670099	0.0023722996163941	0	0.0803553401978599	0	0.0266000403795679	0	0.010498687664042	0.00267514637593378	5.04744599232788e-05	0.041641429436705	0	0.00368463557439935	0	0.00217040177670099	0.00085806581869574	0	0	0	0.000403795679386231	0	0	0	0	0	0	0	0.000151423379769836	0.000656167979002625	0.000252372299616394	0.000201897839693115	0.0078740157480315	0	0.026246719160105	0	0	0.000151423379769836	5.04744599232788e-05	0.00817686250757117	0.000605693519079346	0	0.000100948919846558	0.000100948919846558	0.000201897839693115	0	0	0	0	0	0	0	5.04744599232788e-05	0	0.000353321219462952	0	0	0	0	0	5.04744599232788e-05	0.00156470825762164	0	0	0.00100948919846558	0.000100948919846558	0.00146375933777509	0	5.04744599232788e-05	0	0.000454270139309509	0	0.00171613163739148	0	0	0.024984857662023	0	0	5.04744599232788e-05	0	0	0	0.0143852210781345	0.000706642438925903	0.00111043811831213	0	0	0	0	0.00222087623662427	0	0	0	0	0	0.0872703412073491
0	0.00203735144312394	0	0	0	0	0	0	0	0	0	0	0	0.00475382003395586	0	0	0	0	0	0.0295415959252971	0	0	0	0	0	0.0485568760611205	0	0	0	0.181663837011885	0	0	0	0.00237691001697793	0.0105263157894737	0	0.00441426146010187	0.214601018675722	0	0	0	0	0	0	0	0	0.033276740237691	0.0363327674023769	0.00848896434634975	0	0	0	0	0	0.0067911714770798	0.0264855687606112	0.00237691001697793	0.00441426146010187	0	0	0	0	0	0	0	0	0	0	0	0.00135823429541596	0	0	0	0.00950764006791171	0	0	0	0.032258064516129	0	0	0	0	0	0.00033955857385399	0	0	0	0.00033955857385399	0	0.00747028862478778	0	0	0.00101867572156197	0	0	0	0	0	0	0	0	0	0	0	0	0	0	0	0	0	0	0.00033955857385399	0.330730050933786
0.203390785175172	0.0835867973414442	0.0644925087304269	0.0555367804438436	0.000394277345950208	0.0181930832488453	5.63253351357441e-05	0.00259096541624423	0.000394277345950208	0.00484397882167399	0.0227554353948406	0.0409485186436859	0.00270361608651571	0	0.00540723217303143	0.000394277345950208	0.031260561000338	0.0278810408921933	0.000732229356764673	0.00028162667567872	0	0.0266418835192069	0.00275994142165146	0.0158274191731441	0.000901205362171905	0.00788554691900417	0.0158837445082798	0	0.00287259209192295	0.00309789343246592	0.00980060831361947	0	0.0137433817731216	0.00416807480004506	0.00270361608651571	0.0214036273515827	0.0203334459840036	0.000732229356764673	0.00264729075137997	5.63253351357441e-05	0	0.0019150613946153	0	0.00495662949194548	0	0.0174045285569449	0.00123915737298637	0.00811084825954714	0.00309789343246592	0.00501295482708122	0	0	0.00129548270812211	0	0.000732229356764673	0.00028162667567872	0.00214036273515827	0.000168976005407232	0.00439337614058804	0	5.63253351357441e-05	0.00028162667567872	0	0.00743494423791822	0	0	0	0	0	0.00912470429199054	0	0.00670271488115354	0	0.000450602681085952	0	0	0	0.00287259209192295	5.63253351357441e-05	5.63253351357441e-05	0.000901205362171905	0.0042244001351808	5.63253351357441e-05	0.000225301340542976	0	0.00782922158386842	0	0.00439337614058804	0.00456235214599527	0.00185873605947955	0	0.0112087416920131	0.000844880027036161	0	5.63253351357441e-05	0.00788554691900417	0	0	0	0.000394277345950208	0.00670271488115354	0.00540723217303143	0	0	0	0	0.00185873605947955	0	0	0.0052382561676242	0.00242198941083699	0.00557620817843866	0.13326574293117
0.0264239577216676	0.0157565081229203	0.00303386181248777	0.0085143863769818	0.00332746134272852	0.000489332550401253	0.279213153258955	0.000587199060481503	0	0.00146799765120376	0	0.000391466040321002	0.00753572127617929	0	0	0	0.00469759248385203	0.00362106087296927	0.00322959483264827	0	0	0	0.00665492268545704	0.00528479154433353	0.00313172832256802	0.00166373067136426	0	0.00156586416128401	0	0.000978665100802505	0.00322959483264827	9.78665100802505e-05	0.00430612644353102	0.000978665100802505	0.000195733020160501	0	0.00606772362497553	0	0	0.000782932080642004	0	0	0	0	0	0	0.000782932080642004	0.00166373067136426	0.000293599530240752	0.000587199060481503	0.094930514777843	0	0.00508905852417303	0.0793697396750832	0.000489332550401253	0.00146799765120376	0.000782932080642004	0.000195733020160501	9.78665100802505e-05	0	0.000195733020160501	0	0.0705617537678606	0.00313172832256802	0	0	0	0	0	0.000195733020160501	0.00450185946369152	9.78665100802505e-05	0	0.000391466040321002	0.00176159718144451	0	0	0	0	0	0.00215306322176551	0.000978665100802505	0.000391466040321002	0.000195733020160501	0.0189861029555686	0.00117439812096301	0.000880798590722255	0.000782932080642004	0	9.78665100802505e-05	0	0.000391466040321002	0.000685065570561754	0.000782932080642004	0.000195733020160501	0	0.0360148757095322	0.0328831473869642	0	0	0.000293599530240752	0.000391466040321002	0.0385594049716187	0	0	0.00274026228224702	0.000685065570561754	0	0.0220199647680564	0.00107653161088276	0	0.00156586416128401	0.176257584654531
0.0526510938079347	0	0.129403040415276	0.0418984056358917	0.281794586577679	0.0148312940304042	0	0.000741564701520208	0	0.0159436410826845	0.0266963292547275	0.0307749351130886	0	0	0.000741564701520208	0	0.0537634408602151	0.00148312940304042	0.00370782350760104	0.000741564701520208	0.00111234705228031	0.0304041527623285	0	0.0233592880978865	0.000370782350760104	0.00111234705228031	0	0.000370782350760104	0	0	0.00704486466444197	0	0.024842417500927	0.00222469410456062	0	0	0	0.00148312940304042	0	0	0	0	0	0.00148312940304042	0	0	0	0.00296625880608083	0.000741564701520208	0.00593251761216166	0	0.00593251761216166	0	0	0.00259547645532073	0	0.00222469410456062	0.000741564701520208	0	0	0	0.000370782350760104	0	0	0	0	0	0	0	0	0	0	0	0.000370782350760104	0	0	0	0.000370782350760104	0.00222469410456062	0	0	0	0	0.00222469410456062	0	0	0	0	0	0	0.0189098998887653	0	0.000370782350760104	0.000370782350760104	0	0	0	0.00370782350760104	0	0.00259547645532073	0.000741564701520208	0.000370782350760104	0	0	0.000741564701520208	0	0.00148312940304042	0	0	0	0	0	0.195031516499815
0.0105192342975965	0.356797749373127	0.0294783193688459	0.00513730047091921	0.000703320897804416	0.000795058406213687	6.11583389395144e-05	0.00663567977493731	0	0.00899027582410862	0.0129655678551771	0.00495382545410067	0.132010274600942	0	0.000428108372576601	3.05791694697572e-05	0.0267567732860376	0.0012843251177298	0.00483150877622164	0.00272154608280839	0.00217112103235276	0.00801174240107639	0.112867714512874	0.00110085010091126	0.000122316677879029	0.000733900067274173	0	0	0.0023545960491713	0	0.00122316677879029	0.00146780013454835	0.017888814139808	0.000336370864167329	3.05791694697572e-05	9.17375084092716e-05	0	0.00186532933765519	0.020273989358449	0	0	0	0.00055042505045563	0.00333312947220354	0	0	0.000152895847348786	0.000122316677879029	0.000581004219925387	0.000152895847348786	0	0	0.0367255825331784	0	3.05791694697572e-05	0.000244633355758058	0.00113142927038102	0.000152895847348786	0.0404868203779585	0	0	6.11583389395144e-05	0	0.00055042505045563	0	0.000336370864167329	0	0	3.05791694697572e-05	0.000489266711516115	0.00055042505045563	0.000152895847348786	0	0.000305791694697572	0	3.05791694697572e-05	0.0002140541862883	0.000458687542046358	0.000489266711516115	0.00116200843985077	0	0.000458687542046358	3.05791694697572e-05	0.000428108372576601	3.05791694697572e-05	0.0220475811876949	0	0	0.00431166289523577	0.0002140541862883	0	6.11583389395144e-05	0.0002140541862883	3.05791694697572e-05	0	0	0	0	0	0.00198764601553422	0.000305791694697572	0.000122316677879029	0	0	3.05791694697572e-05	3.05791694697572e-05	0.0070026298085744	0	0	0.0128126720078283	0.015870588954804	0.0167573848694269	0.0531160173689683
0	0	0.000274574409665019	0.0159253157605711	0	0	0	0.000274574409665019	0	0.0420098846787479	0.22048325096101	0.111751784733663	0	0	0.204832509610104	0	0	0	0.00411861614497529	0.0013728720483251	0	0.0661724327292696	0	0	0.00109829763866008	0.0112575507962658	0	0	0.00356946732564525	0.0107084019769358	0.00356946732564525	0.000823723228995058	0.00192202086765513	0.00988467874794069	0.00439319055464031	0.000549148819330038	0.000274574409665019	0.00274574409665019	0	0	0	0	0	0	0	0	0.00274574409665019	0.00164744645799012	0.000823723228995058	0	0	0	0	0	0.00109829763866008	0.000823723228995058	0.00768808347062054	0.00164744645799012	0	0	0.000274574409665019	0.00219659527732015	0	0	0	0.00961010433827567	0	0	0	0	0	0.00988467874794069	0	0.00604063701263042	0	0	0	0	0.0107084019769358	0	0.000549148819330038	0	0	0.00109829763866008	0	0	0	0.000549148819330038	0	0.000549148819330038	0	0	0.000274574409665019	0	0	0.000274574409665019	0	0	0	0.00274574409665019	0	0.0013728720483251	0	0	0	0	0	0	0	0	0	0	0.21938495332235
0.124733061541448	0.0029120559114735	0.00805668802174335	0.0289264220539701	0.0235876528829354	0.0071830712483013	0.0997864492331586	0.0171811298776937	0	0.0033003300330033	0.00223257619879635	0.0143661424966026	0	0	0.00495049504950495	0.00106775383420695	0.0089303047951854	0.0110658124635993	0	0.0017472335468841	0	0.00087361677344205	0	0.0219374878664337	0	0.00048534265191225	0.00067947971267715	0.0428072218986605	0.0031061929722384	0	0.0040768782760629	0	0.0040768782760629	0	0	0.00863909920403805	9.706853038245e-05	0.0003882741215298	0.00786255096097845	0	9.706853038245e-05	0	0	9.706853038245e-05	0	0.0234905843525529	0	0	0	0.00495049504950495	0.0158221704523393	9.706853038245e-05	9.706853038245e-05	0.0128130460104834	0	0	0.0050475635798874	0.0001941370607649	0.0298971073577946	0	0	0	0.0083478936128907	0.0009706853038245	0	0	0	0.00029120559114735	0.0130071830712483	0	0	0.005824111822947	0.0048534265191225	0	0.0229081731702582	0	0.00048534265191225	0	0	0	0	0.00048534265191225	0	0.0005824111822947	0.00067947971267715	0.0011648223645894	0.0147544166181324	0	0	0	0	9.706853038245e-05	9.706853038245e-05	0	0.0066006600660066	0.00087361677344205	0.00106775383420695	0	0.0034944670937682	9.706853038245e-05	9.706853038245e-05	0.001941370607649	0.0066006600660066	0	0	0.00786255096097845	0.0005824111822947	0	0.00203843913803145	0	0.0089303047951854	0	0.337604348670161
0	0	0	0.282966180577102	0	0	0	0	0	0	0.000310269934843314	0.000620539869686627	0	0	0.00124107973937325	0	0	0	0.00403350915296308	0.000620539869686627	0	0.000310269934843314	0	0	0.00713620850139622	0.0127210673285759	0	0.000310269934843314	0	0.094942600062054	0.036611852311511	0	0	0.0251318647223084	0.0183059261557555	0	0.00496431895749302	0.0223394353087186	0	0.00527458889233633	0	0	0	0	0.00620539869686627	0	0.0307167235494881	0.0210983555693453	0.00155134967421657	0	0	0	0	0	0.00310269934843314	0.00124107973937325	0.00465404902264971	0.000930809804529941	0	0.00744647843623953	0.0508842693143034	0	0	0	0	0	0	0	0	0.0124107973937325	0	0	0	0.00434377908780639	0	0.000310269934843314	0	0.00124107973937325	0	0	0.0089978281104561	0	0.00279242941358982	0.000310269934843314	0	0	0	0.0111697176543593	0	0.00155134967421657	0	0	0	0.00155134967421657	0	0	0	0	0	0	0	0	0	0	0	0	0	0	0	0	0	0	0.309649394973627
0.194063926940639	0.045662100456621	0.0175038051750381	0.0331050228310502	0.0197869101978691	0.00570776255707763	0.0418569254185693	0.00494672754946728	0	0.0251141552511416	0.0197869101978691	0.00570776255707763	0	0	0.0460426179604262	0.0220700152207002	0.0201674277016743	0.0175038051750381	0.00418569254185693	0	0	0.00570776255707763	0	0.012937595129376	0	0.000380517503805175	0.0197869101978691	0.00114155251141553	0	0	0.0091324200913242	0	0.0076103500761035	0	0	0.00076103500761035	0	0	0.0361491628614916	0	0.00076103500761035	0	0	0.00114155251141553	0	0	0	0	0	0.000380517503805175	0.00532724505327245	0	0	0.00418569254185693	0	0	0.000380517503805175	0	0	0	0.000380517503805175	0	0.00380517503805175	0.012937595129376	0	0	0	0	0.0643074581430746	0	0	0	0.0578386605783866	0	0	0	0.00114155251141553	0	0.00722983257229833	0	0	0.0015220700152207	0	0.000380517503805175	0.000380517503805175	0.00342465753424658	0	0	0	0.00076103500761035	0	0.00190258751902588	0	0	0.00228310502283105	0	0.00114155251141553	0	0.000380517503805175	0.00076103500761035	0.00228310502283105	0.0045662100456621	0.000380517503805175	0	0	0.0186453576864536	0.00114155251141553	0	0.0015220700152207	0.000380517503805175	0.000380517503805175	0	0.181126331811263
0.0230179028132992	0.160443307757886	0.00366581415174766	0.00281329923273657	0.176385336743393	0	0	0.00213128729752771	0	0.1384484228474	0.0653026427962489	0.029923273657289	0.0030690537084399	0	0.0184995737425405	0.00179028132992327	0.00144927536231884	0.000767263427109974	0.000341005967604433	0.000341005967604433	8.52514919011083e-05	0.0540494458653026	0.00230179028132992	0.0208013640238704	0.0260869565217391	0.00264279624893436	0.00494458653026428	0	0.0358908780903666	0.000341005967604433	0	8.52514919011083e-05	8.52514919011083e-05	0.000682011935208866	0	0	0	0.00051150895140665	0	8.52514919011083e-05	0	0	0	0.00485933503836317	0	0	0.000767263427109974	0.000341005967604433	0.00562659846547315	0.0092924126172208	0	0	0.00051150895140665	0	0.000341005967604433	0.000426257459505541	0.00272804774083546	0.000255754475703325	0	0	0.000170502983802217	0	0	0	0	0	0	8.52514919011083e-05	0	0	0	0.000170502983802217	0	0.00213128729752771	0	0.00571184995737425	0	0.000255754475703325	0.00127877237851662	0	0.00349531116794544	8.52514919011083e-05	8.52514919011083e-05	0.000255754475703325	0	0.00596760443307758	0	0.00170502983802217	0	0.000255754475703325	0.0132139812446718	0.0153452685421995	0.0010230179028133	8.52514919011083e-05	0	8.52514919011083e-05	0	0	0	0.00937766410912191	0.0020460358056266	0.000852514919011083	0	0	0	0	0.00127877237851662	0	0	0	0	0	0.132907075873828
0.034965034965035	0.0563554092965858	0.00205676676264912	0.0308515014397367	0.0361990950226244	0	0	0.00452488687782805	0	0	0.011517893870835	0.0555327025915261	0.0201563142739613	0	0.00370218017276841	0.0287947346770876	0	0.00287947346770876	0	0	0.000822706705059646	0.0119292472233649	0.011517893870835	0.00164541341011929	0.00329082682023859	0.000822706705059646	0.0304401480872069	0	0	0	0.0123406005758947	0	0	0.000411353352529823	0	0.0839160839160839	0	0	0	0	0	0	0.20855614973262	0.0423693953105718	0	0.0411353352529823	0	0	0	0.0242698477992596	0	0	0.00205676676264912	0	0	0	0.00123406005758947	0	0	0	0	0	0	0	0	0	0	0	0	0	0.000822706705059646	0.00781571369806664	0	0	0	0	0	0	0.00987248046071575	0	0	0	0	0.00411353352529823	0	0.000411353352529823	0	0	0	0.000822706705059646	0.00123406005758947	0	0	0	0.000822706705059646	0.00164541341011929	0	0	0.00123406005758947	0.000411353352529823	0.000411353352529823	0.000411353352529823	0	0	0	0	0	0	0	0	0	0	0.205676676264912
0.0371287128712871	0.0255775577557756	0.0181518151815182	0.0127887788778878	0	0.122112211221122	0	0.000825082508250825	0	0.0375412541254125	0.00783828382838284	0.0251650165016502	0.00866336633663366	0	0.00577557755775578	0	0.0222772277227723	0.00371287128712871	0.00453795379537954	0.000412541254125413	0	0.0033003300330033	0.00165016501650165	0.000825082508250825	0.00206270627062706	0.0148514851485149	0.0420792079207921	0	0.00165016501650165	0.00123762376237624	0.00123762376237624	0	0.00907590759075908	0.00165016501650165	0	0.0111386138613861	0.00247524752475248	0.000412541254125413	0.00371287128712871	0.00165016501650165	0.0433168316831683	0	0	0.00123762376237624	0	0.0185643564356436	0.00536303630363036	0.00536303630363036	0.00288778877887789	0.000412541254125413	0	0.00247524752475248	0.00412541254125413	0	0.000412541254125413	0.00453795379537954	0.00165016501650165	0.000412541254125413	0	0.000412541254125413	0.000412541254125413	0.00206270627062706	0	0	0	0.0796204620462046	0.000412541254125413	0.000412541254125413	0	0.00206270627062706	0.0148514851485149	0	0	0.00247524752475248	0	0.000412541254125413	0	0.000825082508250825	0.000412541254125413	0	0	0	0.00288778877887789	0	0	0.000825082508250825	0	0.0033003300330033	0.000825082508250825	0.00288778877887789	0	0.000412541254125413	0.000412541254125413	0.000412541254125413	0.00536303630363036	0.00123762376237624	0	0	0	0.000412541254125413	0	0.000412541254125413	0	0	0	0	0.00247524752475248	0	0	0.000412541254125413	0	0	0.351072607260726
0.125405485107638	0.0856679445591271	0.0897227956355058	0.0228546151577706	0.011132409318785	0.0384104983780596	0	0.00339132999115305	0	0.00803597758773223	0.0312592155706281	0.0251400766735476	0.0505750516071955	0	0.000737245650250664	0	0.0274992627543497	0.0162194043055146	0.0072250073724565	0.000737245650250664	0	0.0213063992922442	0.0426127985844884	0.00973164258330876	0.00081097021527573	0.0118696549690357	0.0118696549690357	0	0.00154821586552639	0.00803597758773223	0.00140076673547626	0	0.0151135358301386	0.000589796520200531	0.00486582129165438	0.00258035977587732	0.0204954290769684	0.00324388086110292	0.00147449130050133	0	0	0.000884694780300796	0	0.00302270716602772	0	0.0322913594809791	0.00339132999115305	0.00921557062813329	0.0070038336773813	0.00191683869065173	0	0	0.0118696549690357	0	0.00154821586552639	0.000294898260100265	0.00103214391035093	0.00213801238572692	0.00353877912120318	7.37245650250664e-05	7.37245650250664e-05	0.00213801238572692	0	0.00567679150693011	0	7.37245650250664e-05	0.000589796520200531	0	0	0.00184311412562666	7.37245650250664e-05	0.000589796520200531	0	0.00552934237687998	0	0	0.000221173695075199	0.0065614862872309	0.000147449130050133	0	0.000958419345325863	0.00228546151577706	7.37245650250664e-05	0.000368622825125332	0	0.00729873193748157	0	0.000221173695075199	0.0151872603951637	0.00191683869065173	0.000589796520200531	0.00751990563255677	0.00199056325567679	0	0	0.000368622825125332	0	0	0	0.000221173695075199	0.00346505455617812	0.00103214391035093	0	0	0	0	0.00184311412562666	0	0	0.00538189324682984	0.00169566499557653	0.00516071955175464	0.1391182542023
0	0.00950394065832174	0.4849327770051	0.00556328233657858	0	0	0	0.0062586926286509	0	0.00880853036624942	0	0	0	0	0	0.00185442744552619	0.0906351414000927	0	0.000695410292072323	0.00231803430690774	0	0	0	0	0	0.00115901715345387	0	0.000231803430690774	0	0	0	0.000695410292072323	0.0748725081131201	0.0062586926286509	0.00463606861381548	0	0	0.000231803430690774	0	0	0	0	0	0.0973574408901252	0	0	0.000927213722763097	0.000231803430690774	0	0	0	0	0	0	0.0115901715345387	0.000463606861381548	0.000231803430690774	0.000927213722763097	0	0.00115901715345387	0	0	0	0	0	0	0	0	0	0	0	0	0	0	0	0	0	0	0	0	0	0	0	0	0	0	0	0	0	0.000927213722763097	0	0	0	0	0	0	0	0	0	0	0	0	0	0	0.000463606861381548	0	0.00950394065832174	0	0	0	0	0	0.177561427909133
0.311995696611081	0.000403442711135019	0.0473372781065089	0.0220548682087144	0.00658956428187197	0.0418235610543303	0	0.0628025820333513	0	0.0149273803119957	0	0	0.0126412049488973	0	0	0.000134480903711673	0.0496234534696073	0.0368477676169984	0.00336202259279182	0	0	0	0.0099515868746638	0.0220548682087144	0.00121032813340506	0.0168101129639591	0.049757934373319	0	0.0108929532006455	0.000672404518558365	0.00376546530392684	0	0.0219203873050027	0.000806885422270038	0.00806885422270038	0	0.0064550833781603	0	0.014792899408284	0	0	0	0	0.000672404518558365	0	0	0.0138515330823023	0.00551371705217859	0.00282409897794513	0.00470683162990855	0	0	0.00443786982248521	0	0.0014792899408284	0.00161377084454008	0.00215169445938677	0.0014792899408284	0.0112963959117805	0	0	0.000403442711135019	0	0.0104895104895105	0	0	0.000268961807423346	0	0	0	0	0	0	0.00268961807423346	0	0	0.00268961807423346	0.000672404518558365	0	0	0.00121032813340506	0.00632060247444863	0.00336202259279182	0.00201721355567509	0	0	0	0	0.00107584722969338	0.00215169445938677	0.000134480903711673	0.00215169445938677	0.0014792899408284	0.00215169445938677	0	0	0	0.000941366325981711	0	0	0.00376546530392684	0	0	0	0	0	0.000672404518558365	0	0	0.000134480903711673	0.000537923614846692	0	0.126949973103819
0	0.460153460457343	0.00653346501557396	0.0341867355466079	0	0	0	0.00144343994530122	0	0.0257540074451113	0	0.0012155283749905	0	0.000151941046873813	0.01055990275773	0.00501405454683583	0.00767302286712755	0	0.000683734710932158	0.000607764187495252	0	0	0	0	0.00227911570310719	0.000759705234369065	0	0	0	0.00197523360935957	0.0151941046873813	0	0.00957228595305022	0.00281090936716554	0.00205120413279647	0.000455823140621439	0.000379852617184532	0.00592570082807871	0	0	0	0	0	0.0231710096482565	0.000151941046873813	0	0.00341867355466079	0.000531793664058345	0.000911646281242878	0	0	0.0012155283749905	0	0	0.00296285041403935	0.000759705234369065	0.0116994606092836	0.00189926308592266	0	7.59705234369065e-05	0.00227911570310719	0	0	0	0	0	0	0	0	0.000227911570310719	0	0	0	0.00835675757805971	0	0	0	0.000987616804679784	0.000531793664058345	0	0.000987616804679784	0	7.59705234369065e-05	0.00744511129681683	0	0.0107878143280407	0	0	0	0.00106358732811669	0	0	0.000151941046873813	0	0	0	0	0.0480893413355618	0	0	7.59705234369065e-05	0	0	0.0801489022259363	0	0	0.00417837878902986	0	0	0.00182329256248576	0	0.0069892881561954	0.183620755147003
0.0364762560220234	0.000983187493855078	0.000393274997542031	0.00678399370760004	0.00452266247173336	0.00481761871988988	0.240536820371645	0.000147478124078262	0	0	0	9.83187493855078e-05	0.0826369088585193	0	0	0	0.000639071871005801	0.00403106872480582	0.000344115622849277	9.83187493855078e-05	0	0	0.0444400747222495	0.00584996558843771	0.0012781437420116	0.00467014059581162	0	0.00186805623832465	0	0.000934028119162324	0.00339199685380002	0.00290040310687248	0.00024579687346377	0.00103234686854783	0.000688231245698555	0	0.00147478124078262	0	0.000737390620391309	0.0462098122111887	0	0	0	0	0	0	0.000491593746927539	0.000639071871005801	0.000688231245698555	0.000639071871005801	0.0670533870809163	0	0.0207452561203421	0.0596303215023105	0.000737390620391309	0.00231049061055943	9.83187493855078e-05	0.00152394061547537	0.00088486874446957	0.00265460623340871	0.00688231245698555	0	0.0510274309310786	0.00294956248156523	0	0	0.000835709369776816	0	0	0.000147478124078262	0.0720676432995772	0	0	0.00024579687346377	0.00157309999016813	0	0	4.91593746927539e-05	0	0	0.000983187493855078	0.00157309999016813	0.000147478124078262	9.83187493855078e-05	0.00997935306262904	4.91593746927539e-05	0.000786549995084063	0.000147478124078262	0	0.000294956248156523	0	0	0.000344115622849277	0.00024579687346377	0	0	0.0256611935896175	0	0	0	0.000147478124078262	9.83187493855078e-05	0.0203519811228001	0	0	0.00142562186608986	4.91593746927539e-05	0	0.0147478124078262	4.91593746927539e-05	0.000294956248156523	0.000147478124078262	0.130272342935798
0.0430491140444762	0.000475680818171007	0.0620763467713164	0.0287786894993459	0.337733380901415	0.0372220240218813	0	0.00237840409085504	0	0.00868117493162088	0.0120109406588179	0.00511356879533833	0	0	0.000118920204542752	0.000237840409085504	0.0508978475442978	0.00118920204542752	0.00380544654536806	0.000237840409085504	0	0.0101082173861339	0	0.03068141277203	0.000594601022713759	0.0110595790224759	0	0.000118920204542752	0	0.00166488286359853	0.0121298608633607	0.0029730051135688	0.0268759662266619	0.00309192531811155	0.00261624449994054	0	0.000832441431799263	0.00107028184088477	0	0	0	0	0	0.000832441431799263	0.000356760613628255	0	0.00630277084076585	0.00309192531811155	0.0068973718634796	0.00820549411344988	0	0	0	0	0.0034486859317398	0.00107028184088477	0.00499464859079558	0.00404328695445356	0	0.0253300035676061	0.00118920204542752	0.000713521227256511	0	0	0	0.000118920204542752	0.00118920204542752	0	0	0.000356760613628255	0	0	0	0.0066595314543941	0	0.000118920204542752	0	0.00356760613628255	0.000356760613628255	0	0.00107028184088477	0	0.00285408490902604	0.000237840409085504	0	0	0	0.00428112736353907	0	0.00202164347722678	0.0233083600903794	0.000832441431799263	0.000118920204542752	0.00154596265905577	0	0	0	0	0	0.00202164347722678	0.00214056368176953	0.000237840409085504	0	0	0.000118920204542752	0	0.00190272327268403	0	0	0	0	0	0.18063979070044
